Running supervised baseline
---------------------------------
| batch_size        | 32        |
| bc/               |           |
|    batch          | 0         |
|    ent_loss       | -0.000693 |
|    entropy        | 0.693     |
|    epoch          | 0         |
|    l2_loss        | 0         |
|    l2_norm        | 72.5      |
|    loss           | 0.692     |
|    neglogp        | 0.693     |
|    prob_true_act  | 0.5       |
|    samples_so_far | 32        |
---------------------------------
---------------------------------
| batch_size        | 32        |
| bc/               |           |
|    batch          | 0         |
|    ent_loss       | -0.000636 |
|    entropy        | 0.636     |
|    epoch          | 0         |
|    l2_loss        | 0         |
|    l2_norm        | 75.8      |
|    loss           | 0.485     |
|    neglogp        | 0.486     |
|    prob_true_act  | 0.625     |
|    samples_so_far | 32        |
---------------------------------
---------------------------------
| batch_size        | 32        |
| bc/               |           |
|    batch          | 0         |
|    ent_loss       | -0.000364 |
|    entropy        | 0.364     |
|    epoch          | 0         |
|    l2_loss        | 0         |
|    l2_norm        | 83.4      |
|    loss           | 0.333     |
|    neglogp        | 0.334     |
|    prob_true_act  | 0.762     |
|    samples_so_far | 32        |
---------------------------------
---------------------------------
| batch_size        | 32        |
| bc/               |           |
|    batch          | 0         |
|    ent_loss       | -0.000416 |
|    entropy        | 0.416     |
|    epoch          | 0         |
|    l2_loss        | 0         |
|    l2_norm        | 89.1      |
|    loss           | 0.415     |
|    neglogp        | 0.415     |
|    prob_true_act  | 0.705     |
|    samples_so_far | 32        |
---------------------------------
---------------------------------
| batch_size        | 32        |
| bc/               |           |
|    batch          | 0         |
|    ent_loss       | -0.000395 |
|    entropy        | 0.395     |
|    epoch          | 0         |
|    l2_loss        | 0         |
|    l2_norm        | 99.5      |
|    loss           | 0.354     |
|    neglogp        | 0.355     |
|    prob_true_act  | 0.737     |
|    samples_so_far | 32        |
---------------------------------
---------------------------------
| batch_size        | 32        |
| bc/               |           |
|    batch          | 0         |
|    ent_loss       | -0.000432 |
|    entropy        | 0.432     |
|    epoch          | 0         |
|    l2_loss        | 0         |
|    l2_norm        | 121       |
|    loss           | 0.353     |
|    neglogp        | 0.353     |
|    prob_true_act  | 0.73      |
|    samples_so_far | 32        |
---------------------------------
---------------------------------
| batch_size        | 32        |
| bc/               |           |
|    batch          | 0         |
|    ent_loss       | -0.000332 |
|    entropy        | 0.332     |
|    epoch          | 0         |
|    l2_loss        | 0         |
|    l2_norm        | 161       |
|    loss           | 0.256     |
|    neglogp        | 0.257     |
|    prob_true_act  | 0.807     |
|    samples_so_far | 32        |
---------------------------------
---------------------------------
| batch_size        | 32        |
| bc/               |           |
|    batch          | 0         |
|    ent_loss       | -0.000198 |
|    entropy        | 0.198     |
|    epoch          | 0         |
|    l2_loss        | 0         |
|    l2_norm        | 214       |
|    loss           | 0.112     |
|    neglogp        | 0.112     |
|    prob_true_act  | 0.908     |
|    samples_so_far | 32        |
---------------------------------
---------------------------------
| batch_size        | 32        |
| bc/               |           |
|    batch          | 0         |
|    ent_loss       | -0.000139 |
|    entropy        | 0.139     |
|    epoch          | 0         |
|    l2_loss        | 0         |
|    l2_norm        | 257       |
|    loss           | 0.0764    |
|    neglogp        | 0.0765    |
|    prob_true_act  | 0.937     |
|    samples_so_far | 32        |
---------------------------------
---------------------------------
| batch_size        | 32        |
| bc/               |           |
|    batch          | 500       |
|    ent_loss       | -8.93e-05 |
|    entropy        | 0.0893    |
|    epoch          | 3         |
|    l2_loss        | 0         |
|    l2_norm        | 289       |
|    loss           | 0.0604    |
|    neglogp        | 0.0605    |
|    prob_true_act  | 0.957     |
|    samples_so_far | 16032     |
---------------------------------
---------------------------------
| batch_size        | 32        |
| bc/               |           |
|    batch          | 0         |
|    ent_loss       | -0.000115 |
|    entropy        | 0.115     |
|    epoch          | 0         |
|    l2_loss        | 0         |
|    l2_norm        | 292       |
|    loss           | 0.0623    |
|    neglogp        | 0.0624    |
|    prob_true_act  | 0.948     |
|    samples_so_far | 32        |
---------------------------------
---------------------------------
| batch_size        | 32        |
| bc/               |           |
|    batch          | 500       |
|    ent_loss       | -8.18e-05 |
|    entropy        | 0.0818    |
|    epoch          | 3         |
|    l2_loss        | 0         |
|    l2_norm        | 319       |
|    loss           | 0.0271    |
|    neglogp        | 0.0272    |
|    prob_true_act  | 0.975     |
|    samples_so_far | 16032     |
---------------------------------
---------------------------------
| batch_size        | 32        |
| bc/               |           |
|    batch          | 0         |
|    ent_loss       | -0.000146 |
|    entropy        | 0.146     |
|    epoch          | 0         |
|    l2_loss        | 0         |
|    l2_norm        | 326       |
|    loss           | 0.0669    |
|    neglogp        | 0.0671    |
|    prob_true_act  | 0.942     |
|    samples_so_far | 32        |
---------------------------------
---------------------------------
| batch_size        | 32        |
| bc/               |           |
|    batch          | 500       |
|    ent_loss       | -6.32e-05 |
|    entropy        | 0.0632    |
|    epoch          | 2         |
|    l2_loss        | 0         |
|    l2_norm        | 351       |
|    loss           | 0.057     |
|    neglogp        | 0.0571    |
|    prob_true_act  | 0.96      |
|    samples_so_far | 16032     |
---------------------------------
---------------------------------
| batch_size        | 32        |
| bc/               |           |
|    batch          | 0         |
|    ent_loss       | -9.46e-05 |
|    entropy        | 0.0946    |
|    epoch          | 0         |
|    l2_loss        | 0         |
|    l2_norm        | 360       |
|    loss           | 0.0525    |
|    neglogp        | 0.0526    |
|    prob_true_act  | 0.958     |
|    samples_so_far | 32        |
---------------------------------
---------------------------------
| batch_size        | 32        |
| bc/               |           |
|    batch          | 500       |
|    ent_loss       | -7.74e-05 |
|    entropy        | 0.0774    |
|    epoch          | 2         |
|    l2_loss        | 0         |
|    l2_norm        | 382       |
|    loss           | 0.12      |
|    neglogp        | 0.12      |
|    prob_true_act  | 0.931     |
|    samples_so_far | 16032     |
---------------------------------
---------------------------------
| batch_size        | 32        |
| bc/               |           |
|    batch          | 0         |
|    ent_loss       | -8.66e-05 |
|    entropy        | 0.0866    |
|    epoch          | 0         |
|    l2_loss        | 0         |
|    l2_norm        | 393       |
|    loss           | 0.0677    |
|    neglogp        | 0.0677    |
|    prob_true_act  | 0.952     |
|    samples_so_far | 32        |
---------------------------------
---------------------------------
| batch_size        | 32        |
| bc/               |           |
|    batch          | 500       |
|    ent_loss       | -2.32e-05 |
|    entropy        | 0.0232    |
|    epoch          | 2         |
|    l2_loss        | 0         |
|    l2_norm        | 415       |
|    loss           | 0.031     |
|    neglogp        | 0.031     |
|    prob_true_act  | 0.98      |
|    samples_so_far | 16032     |
---------------------------------
---------------------------------
| batch_size        | 32        |
| bc/               |           |
|    batch          | 0         |
|    ent_loss       | -8.54e-05 |
|    entropy        | 0.0854    |
|    epoch          | 0         |
|    l2_loss        | 0         |
|    l2_norm        | 428       |
|    loss           | 0.0454    |
|    neglogp        | 0.0455    |
|    prob_true_act  | 0.962     |
|    samples_so_far | 32        |
---------------------------------
---------------------------------
| batch_size        | 32        |
| bc/               |           |
|    batch          | 500       |
|    ent_loss       | -4.79e-05 |
|    entropy        | 0.0479    |
|    epoch          | 2         |
|    l2_loss        | 0         |
|    l2_norm        | 448       |
|    loss           | 0.167     |
|    neglogp        | 0.167     |
|    prob_true_act  | 0.923     |
|    samples_so_far | 16032     |
---------------------------------
---------------------------------
| batch_size        | 32        |
| bc/               |           |
|    batch          | 0         |
|    ent_loss       | -7.72e-05 |
|    entropy        | 0.0772    |
|    epoch          | 0         |
|    l2_loss        | 0         |
|    l2_norm        | 462       |
|    loss           | 0.039     |
|    neglogp        | 0.0391    |
|    prob_true_act  | 0.967     |
|    samples_so_far | 32        |
---------------------------------
---------------------------------
| batch_size        | 32        |
| bc/               |           |
|    batch          | 500       |
|    ent_loss       | -2.18e-05 |
|    entropy        | 0.0218    |
|    epoch          | 2         |
|    l2_loss        | 0         |
|    l2_norm        | 479       |
|    loss           | 0.00646   |
|    neglogp        | 0.00648   |
|    prob_true_act  | 0.994     |
|    samples_so_far | 16032     |
---------------------------------
---------------------------------
| batch_size        | 32        |
| bc/               |           |
|    batch          | 0         |
|    ent_loss       | -3.12e-05 |
|    entropy        | 0.0312    |
|    epoch          | 0         |
|    l2_loss        | 0         |
|    l2_norm        | 492       |
|    loss           | 0.027     |
|    neglogp        | 0.027     |
|    prob_true_act  | 0.981     |
|    samples_so_far | 32        |
---------------------------------
---------------------------------
| batch_size        | 32        |
| bc/               |           |
|    batch          | 500       |
|    ent_loss       | -3.67e-06 |
|    entropy        | 0.00367   |
|    epoch          | 2         |
|    l2_loss        | 0         |
|    l2_norm        | 510       |
|    loss           | 0.000704  |
|    neglogp        | 0.000708  |
|    prob_true_act  | 0.999     |
|    samples_so_far | 16032     |
---------------------------------
---------------------------------
| batch_size        | 32        |
| bc/               |           |
|    batch          | 0         |
|    ent_loss       | -2.08e-05 |
|    entropy        | 0.0208    |
|    epoch          | 0         |
|    l2_loss        | 0         |
|    l2_norm        | 523       |
|    loss           | 0.011     |
|    neglogp        | 0.0111    |
|    prob_true_act  | 0.991     |
|    samples_so_far | 32        |
---------------------------------
---------------------------------
| batch_size        | 32        |
| bc/               |           |
|    batch          | 500       |
|    ent_loss       | -5.92e-05 |
|    entropy        | 0.0592    |
|    epoch          | 1         |
|    l2_loss        | 0         |
|    l2_norm        | 533       |
|    loss           | 0.0556    |
|    neglogp        | 0.0557    |
|    prob_true_act  | 0.965     |
|    samples_so_far | 16032     |
---------------------------------
--------------------------------
| batch_size        | 32       |
| bc/               |          |
|    batch          | 1000     |
|    ent_loss       | -5e-05   |
|    entropy        | 0.05     |
|    epoch          | 3        |
|    l2_loss        | 0        |
|    l2_norm        | 545      |
|    loss           | 0.0292   |
|    neglogp        | 0.0293   |
|    prob_true_act  | 0.976    |
|    samples_so_far | 32032    |
--------------------------------
---------------------------------
| batch_size        | 32        |
| bc/               |           |
|    batch          | 0         |
|    ent_loss       | -8.73e-05 |
|    entropy        | 0.0873    |
|    epoch          | 0         |
|    l2_loss        | 0         |
|    l2_norm        | 546       |
|    loss           | 0.0622    |
|    neglogp        | 0.0623    |
|    prob_true_act  | 0.952     |
|    samples_so_far | 32        |
---------------------------------
---------------------------------
| batch_size        | 32        |
| bc/               |           |
|    batch          | 500       |
|    ent_loss       | -5.02e-05 |
|    entropy        | 0.0502    |
|    epoch          | 1         |
|    l2_loss        | 0         |
|    l2_norm        | 558       |
|    loss           | 0.0295    |
|    neglogp        | 0.0295    |
|    prob_true_act  | 0.976     |
|    samples_so_far | 16032     |
---------------------------------
---------------------------------
| batch_size        | 32        |
| bc/               |           |
|    batch          | 1000      |
|    ent_loss       | -2.22e-05 |
|    entropy        | 0.0222    |
|    epoch          | 3         |
|    l2_loss        | 0         |
|    l2_norm        | 570       |
|    loss           | 0.0453    |
|    neglogp        | 0.0453    |
|    prob_true_act  | 0.975     |
|    samples_so_far | 32032     |
---------------------------------
--------------------------------
| batch_size        | 32       |
| bc/               |          |
|    batch          | 0        |
|    ent_loss       | -2.9e-05 |
|    entropy        | 0.029    |
|    epoch          | 0        |
|    l2_loss        | 0        |
|    l2_norm        | 571      |
|    loss           | 0.0106   |
|    neglogp        | 0.0106   |
|    prob_true_act  | 0.99     |
|    samples_so_far | 32       |
--------------------------------
---------------------------------
| batch_size        | 32        |
| bc/               |           |
|    batch          | 500       |
|    ent_loss       | -2.69e-05 |
|    entropy        | 0.0269    |
|    epoch          | 1         |
|    l2_loss        | 0         |
|    l2_norm        | 581       |
|    loss           | 0.056     |
|    neglogp        | 0.056     |
|    prob_true_act  | 0.972     |
|    samples_so_far | 16032     |
---------------------------------
---------------------------------
| batch_size        | 32        |
| bc/               |           |
|    batch          | 1000      |
|    ent_loss       | -2.29e-05 |
|    entropy        | 0.0229    |
|    epoch          | 3         |
|    l2_loss        | 0         |
|    l2_norm        | 594       |
|    loss           | 0.0075    |
|    neglogp        | 0.00752   |
|    prob_true_act  | 0.993     |
|    samples_so_far | 32032     |
---------------------------------
---------------------------------
| batch_size        | 32        |
| bc/               |           |
|    batch          | 0         |
|    ent_loss       | -2.32e-05 |
|    entropy        | 0.0232    |
|    epoch          | 0         |
|    l2_loss        | 0         |
|    l2_norm        | 599       |
|    loss           | 0.0122    |
|    neglogp        | 0.0122    |
|    prob_true_act  | 0.99      |
|    samples_so_far | 32        |
---------------------------------
---------------------------------
| batch_size        | 32        |
| bc/               |           |
|    batch          | 500       |
|    ent_loss       | -1.61e-05 |
|    entropy        | 0.0161    |
|    epoch          | 1         |
|    l2_loss        | 0         |
|    l2_norm        | 611       |
|    loss           | 0.00741   |
|    neglogp        | 0.00743   |
|    prob_true_act  | 0.993     |
|    samples_so_far | 16032     |
---------------------------------
--------------------------------
| batch_size        | 32       |
| bc/               |          |
|    batch          | 1000     |
|    ent_loss       | -1.2e-05 |
|    entropy        | 0.012    |
|    epoch          | 3        |
|    l2_loss        | 0        |
|    l2_norm        | 618      |
|    loss           | 0.00297  |
|    neglogp        | 0.00299  |
|    prob_true_act  | 0.997    |
|    samples_so_far | 32032    |
--------------------------------
Running DAgger
---------------------------------
| batch_size        | 32        |
| bc/               |           |
|    batch          | 0         |
|    ent_loss       | -0.000693 |
|    entropy        | 0.693     |
|    epoch          | 0         |
|    l2_loss        | 0         |
|    l2_norm        | 72.5      |
|    loss           | 0.692     |
|    neglogp        | 0.693     |
|    prob_true_act  | 0.5       |
|    samples_so_far | 32        |
---------------------------------
---------------------------------
| batch_size        | 32        |
| bc/               |           |
|    batch          | 0         |
|    ent_loss       | -0.000652 |
|    entropy        | 0.652     |
|    epoch          | 0         |
|    l2_loss        | 0         |
|    l2_norm        | 75.8      |
|    loss           | 0.526     |
|    neglogp        | 0.527     |
|    prob_true_act  | 0.599     |
|    samples_so_far | 32        |
---------------------------------
---------------------------------
| batch_size        | 32        |
| bc/               |           |
|    batch          | 0         |
|    ent_loss       | -0.000264 |
|    entropy        | 0.264     |
|    epoch          | 0         |
|    l2_loss        | 0         |
|    l2_norm        | 85.9      |
|    loss           | 0.269     |
|    neglogp        | 0.269     |
|    prob_true_act  | 0.839     |
|    samples_so_far | 32        |
---------------------------------
--------------------------------
| batch_size        | 32       |
| bc/               |          |
|    batch          | 0        |
|    ent_loss       | -0.00028 |
|    entropy        | 0.28     |
|    epoch          | 0        |
|    l2_loss        | 0        |
|    l2_norm        | 97.8     |
|    loss           | 0.202    |
|    neglogp        | 0.202    |
|    prob_true_act  | 0.843    |
|    samples_so_far | 32       |
--------------------------------
---------------------------------
| batch_size        | 32        |
| bc/               |           |
|    batch          | 0         |
|    ent_loss       | -0.000218 |
|    entropy        | 0.218     |
|    epoch          | 0         |
|    l2_loss        | 0         |
|    l2_norm        | 111       |
|    loss           | 0.183     |
|    neglogp        | 0.183     |
|    prob_true_act  | 0.862     |
|    samples_so_far | 32        |
---------------------------------
---------------------------------
| batch_size        | 32        |
| bc/               |           |
|    batch          | 0         |
|    ent_loss       | -0.000303 |
|    entropy        | 0.303     |
|    epoch          | 0         |
|    l2_loss        | 0         |
|    l2_norm        | 129       |
|    loss           | 0.29      |
|    neglogp        | 0.29      |
|    prob_true_act  | 0.792     |
|    samples_so_far | 32        |
---------------------------------
---------------------------------
| batch_size        | 32        |
| bc/               |           |
|    batch          | 0         |
|    ent_loss       | -0.000182 |
|    entropy        | 0.182     |
|    epoch          | 0         |
|    l2_loss        | 0         |
|    l2_norm        | 153       |
|    loss           | 0.17      |
|    neglogp        | 0.17      |
|    prob_true_act  | 0.878     |
|    samples_so_far | 32        |
---------------------------------
---------------------------------
| batch_size        | 32        |
| bc/               |           |
|    batch          | 0         |
|    ent_loss       | -0.000144 |
|    entropy        | 0.144     |
|    epoch          | 0         |
|    l2_loss        | 0         |
|    l2_norm        | 184       |
|    loss           | 0.122     |
|    neglogp        | 0.122     |
|    prob_true_act  | 0.912     |
|    samples_so_far | 32        |
---------------------------------
--------------------------------
| batch_size        | 32       |
| bc/               |          |
|    batch          | 0        |
|    ent_loss       | -0.00016 |
|    entropy        | 0.16     |
|    epoch          | 0        |
|    l2_loss        | 0        |
|    l2_norm        | 218      |
|    loss           | 0.121    |
|    neglogp        | 0.121    |
|    prob_true_act  | 0.91     |
|    samples_so_far | 32       |
--------------------------------
---------------------------------
| batch_size        | 32        |
| bc/               |           |
|    batch          | 500       |
|    ent_loss       | -0.000154 |
|    entropy        | 0.154     |
|    epoch          | 3         |
|    l2_loss        | 0         |
|    l2_norm        | 249       |
|    loss           | 0.0881    |
|    neglogp        | 0.0883    |
|    prob_true_act  | 0.928     |
|    samples_so_far | 16032     |
---------------------------------
---------------------------------
| batch_size        | 32        |
| bc/               |           |
|    batch          | 0         |
|    ent_loss       | -0.000157 |
|    entropy        | 0.157     |
|    epoch          | 0         |
|    l2_loss        | 0         |
|    l2_norm        | 251       |
|    loss           | 0.0803    |
|    neglogp        | 0.0804    |
|    prob_true_act  | 0.932     |
|    samples_so_far | 32        |
---------------------------------
---------------------------------
| batch_size        | 32        |
| bc/               |           |
|    batch          | 500       |
|    ent_loss       | -6.12e-05 |
|    entropy        | 0.0612    |
|    epoch          | 3         |
|    l2_loss        | 0         |
|    l2_norm        | 277       |
|    loss           | 0.0226    |
|    neglogp        | 0.0226    |
|    prob_true_act  | 0.979     |
|    samples_so_far | 16032     |
---------------------------------
---------------------------------
| batch_size        | 32        |
| bc/               |           |
|    batch          | 0         |
|    ent_loss       | -0.000143 |
|    entropy        | 0.143     |
|    epoch          | 0         |
|    l2_loss        | 0         |
|    l2_norm        | 283       |
|    loss           | 0.0727    |
|    neglogp        | 0.0729    |
|    prob_true_act  | 0.938     |
|    samples_so_far | 32        |
---------------------------------
--------------------------------
| batch_size        | 32       |
| bc/               |          |
|    batch          | 500      |
|    ent_loss       | -7.3e-05 |
|    entropy        | 0.073    |
|    epoch          | 2        |
|    l2_loss        | 0        |
|    l2_norm        | 304      |
|    loss           | 0.0378   |
|    neglogp        | 0.0379   |
|    prob_true_act  | 0.969    |
|    samples_so_far | 16032    |
--------------------------------
---------------------------------
| batch_size        | 32        |
| bc/               |           |
|    batch          | 0         |
|    ent_loss       | -0.000119 |
|    entropy        | 0.119     |
|    epoch          | 0         |
|    l2_loss        | 0         |
|    l2_norm        | 311       |
|    loss           | 0.0572    |
|    neglogp        | 0.0573    |
|    prob_true_act  | 0.951     |
|    samples_so_far | 32        |
---------------------------------
---------------------------------
| batch_size        | 32        |
| bc/               |           |
|    batch          | 500       |
|    ent_loss       | -9.01e-05 |
|    entropy        | 0.0901    |
|    epoch          | 2         |
|    l2_loss        | 0         |
|    l2_norm        | 330       |
|    loss           | 0.0976    |
|    neglogp        | 0.0976    |
|    prob_true_act  | 0.935     |
|    samples_so_far | 16032     |
---------------------------------
---------------------------------
| batch_size        | 32        |
| bc/               |           |
|    batch          | 0         |
|    ent_loss       | -5.64e-05 |
|    entropy        | 0.0564    |
|    epoch          | 0         |
|    l2_loss        | 0         |
|    l2_norm        | 338       |
|    loss           | 0.0373    |
|    neglogp        | 0.0374    |
|    prob_true_act  | 0.972     |
|    samples_so_far | 32        |
---------------------------------
---------------------------------
| batch_size        | 32        |
| bc/               |           |
|    batch          | 500       |
|    ent_loss       | -3.04e-05 |
|    entropy        | 0.0304    |
|    epoch          | 2         |
|    l2_loss        | 0         |
|    l2_norm        | 354       |
|    loss           | 0.0168    |
|    neglogp        | 0.0169    |
|    prob_true_act  | 0.986     |
|    samples_so_far | 16032     |
---------------------------------
---------------------------------
| batch_size        | 32        |
| bc/               |           |
|    batch          | 0         |
|    ent_loss       | -4.27e-05 |
|    entropy        | 0.0427    |
|    epoch          | 0         |
|    l2_loss        | 0         |
|    l2_norm        | 364       |
|    loss           | 0.021     |
|    neglogp        | 0.021     |
|    prob_true_act  | 0.982     |
|    samples_so_far | 32        |
---------------------------------
---------------------------------
| batch_size        | 32        |
| bc/               |           |
|    batch          | 500       |
|    ent_loss       | -2.63e-05 |
|    entropy        | 0.0263    |
|    epoch          | 2         |
|    l2_loss        | 0         |
|    l2_norm        | 378       |
|    loss           | 0.00903   |
|    neglogp        | 0.00906   |
|    prob_true_act  | 0.992     |
|    samples_so_far | 16032     |
---------------------------------
---------------------------------
| batch_size        | 32        |
| bc/               |           |
|    batch          | 0         |
|    ent_loss       | -8.24e-05 |
|    entropy        | 0.0824    |
|    epoch          | 0         |
|    l2_loss        | 0         |
|    l2_norm        | 388       |
|    loss           | 0.0646    |
|    neglogp        | 0.0647    |
|    prob_true_act  | 0.952     |
|    samples_so_far | 32        |
---------------------------------
--------------------------------
| batch_size        | 32       |
| bc/               |          |
|    batch          | 500      |
|    ent_loss       | -3.6e-06 |
|    entropy        | 0.0036   |
|    epoch          | 2        |
|    l2_loss        | 0        |
|    l2_norm        | 402      |
|    loss           | 0.000658 |
|    neglogp        | 0.000662 |
|    prob_true_act  | 0.999    |
|    samples_so_far | 16032    |
--------------------------------
---------------------------------
| batch_size        | 32        |
| bc/               |           |
|    batch          | 0         |
|    ent_loss       | -2.97e-05 |
|    entropy        | 0.0297    |
|    epoch          | 0         |
|    l2_loss        | 0         |
|    l2_norm        | 414       |
|    loss           | 0.0354    |
|    neglogp        | 0.0354    |
|    prob_true_act  | 0.978     |
|    samples_so_far | 32        |
---------------------------------
---------------------------------
| batch_size        | 32        |
| bc/               |           |
|    batch          | 500       |
|    ent_loss       | -6.01e-05 |
|    entropy        | 0.0601    |
|    epoch          | 2         |
|    l2_loss        | 0         |
|    l2_norm        | 429       |
|    loss           | 0.0407    |
|    neglogp        | 0.0407    |
|    prob_true_act  | 0.967     |
|    samples_so_far | 16032     |
---------------------------------
---------------------------------
| batch_size        | 32        |
| bc/               |           |
|    batch          | 0         |
|    ent_loss       | -4.78e-05 |
|    entropy        | 0.0478    |
|    epoch          | 0         |
|    l2_loss        | 0         |
|    l2_norm        | 439       |
|    loss           | 0.0211    |
|    neglogp        | 0.0212    |
|    prob_true_act  | 0.982     |
|    samples_so_far | 32        |
---------------------------------
---------------------------------
| batch_size        | 32        |
| bc/               |           |
|    batch          | 500       |
|    ent_loss       | -3.34e-05 |
|    entropy        | 0.0334    |
|    epoch          | 1         |
|    l2_loss        | 0         |
|    l2_norm        | 451       |
|    loss           | 0.0118    |
|    neglogp        | 0.0118    |
|    prob_true_act  | 0.989     |
|    samples_so_far | 16032     |
---------------------------------
---------------------------------
| batch_size        | 32        |
| bc/               |           |
|    batch          | 1000      |
|    ent_loss       | -5.05e-05 |
|    entropy        | 0.0505    |
|    epoch          | 3         |
|    l2_loss        | 0         |
|    l2_norm        | 460       |
|    loss           | 0.0323    |
|    neglogp        | 0.0324    |
|    prob_true_act  | 0.974     |
|    samples_so_far | 32032     |
---------------------------------
---------------------------------
| batch_size        | 32        |
| bc/               |           |
|    batch          | 0         |
|    ent_loss       | -8.22e-05 |
|    entropy        | 0.0822    |
|    epoch          | 0         |
|    l2_loss        | 0         |
|    l2_norm        | 461       |
|    loss           | 0.0559    |
|    neglogp        | 0.056     |
|    prob_true_act  | 0.957     |
|    samples_so_far | 32        |
---------------------------------
---------------------------------
| batch_size        | 32        |
| bc/               |           |
|    batch          | 500       |
|    ent_loss       | -2.48e-05 |
|    entropy        | 0.0248    |
|    epoch          | 1         |
|    l2_loss        | 0         |
|    l2_norm        | 473       |
|    loss           | 0.0121    |
|    neglogp        | 0.0121    |
|    prob_true_act  | 0.99      |
|    samples_so_far | 16032     |
---------------------------------
---------------------------------
| batch_size        | 32        |
| bc/               |           |
|    batch          | 1000      |
|    ent_loss       | -1.91e-05 |
|    entropy        | 0.0191    |
|    epoch          | 3         |
|    l2_loss        | 0         |
|    l2_norm        | 485       |
|    loss           | 0.00489   |
|    neglogp        | 0.00491   |
|    prob_true_act  | 0.995     |
|    samples_so_far | 32032     |
---------------------------------
---------------------------------
| batch_size        | 32        |
| bc/               |           |
|    batch          | 0         |
|    ent_loss       | -4.15e-05 |
|    entropy        | 0.0415    |
|    epoch          | 0         |
|    l2_loss        | 0         |
|    l2_norm        | 488       |
|    loss           | 0.0225    |
|    neglogp        | 0.0225    |
|    prob_true_act  | 0.982     |
|    samples_so_far | 32        |
---------------------------------
---------------------------------
| batch_size        | 32        |
| bc/               |           |
|    batch          | 500       |
|    ent_loss       | -2.96e-05 |
|    entropy        | 0.0296    |
|    epoch          | 1         |
|    l2_loss        | 0         |
|    l2_norm        | 496       |
|    loss           | 0.0114    |
|    neglogp        | 0.0115    |
|    prob_true_act  | 0.99      |
|    samples_so_far | 16032     |
---------------------------------
---------------------------------
| batch_size        | 32        |
| bc/               |           |
|    batch          | 1000      |
|    ent_loss       | -2.13e-05 |
|    entropy        | 0.0213    |
|    epoch          | 3         |
|    l2_loss        | 0         |
|    l2_norm        | 504       |
|    loss           | 0.00962   |
|    neglogp        | 0.00964   |
|    prob_true_act  | 0.992     |
|    samples_so_far | 32032     |
---------------------------------
--------------------------------
| batch_size        | 32       |
| bc/               |          |
|    batch          | 0        |
|    ent_loss       | -3.2e-05 |
|    entropy        | 0.032    |
|    epoch          | 0        |
|    l2_loss        | 0        |
|    l2_norm        | 508      |
|    loss           | 0.15     |
|    neglogp        | 0.15     |
|    prob_true_act  | 0.959    |
|    samples_so_far | 32       |
--------------------------------
---------------------------------
| batch_size        | 32        |
| bc/               |           |
|    batch          | 500       |
|    ent_loss       | -1.94e-06 |
|    entropy        | 0.00194   |
|    epoch          | 1         |
|    l2_loss        | 0         |
|    l2_norm        | 514       |
|    loss           | 0.000335  |
|    neglogp        | 0.000337  |
|    prob_true_act  | 1         |
|    samples_so_far | 16032     |
---------------------------------
---------------------------------
| batch_size        | 32        |
| bc/               |           |
|    batch          | 1000      |
|    ent_loss       | -1.97e-05 |
|    entropy        | 0.0197    |
|    epoch          | 3         |
|    l2_loss        | 0         |
|    l2_norm        | 520       |
|    loss           | 0.00596   |
|    neglogp        | 0.00598   |
|    prob_true_act  | 0.994     |
|    samples_so_far | 32032     |
---------------------------------
Running SMILe
---------------------------------
| batch_size        | 32        |
| bc/               |           |
|    batch          | 0         |
|    ent_loss       | -0.000693 |
|    entropy        | 0.693     |
|    epoch          | 0         |
|    l2_loss        | 0         |
|    l2_norm        | 72.5      |
|    loss           | 0.692     |
|    neglogp        | 0.693     |
|    prob_true_act  | 0.5       |
|    samples_so_far | 32        |
---------------------------------
---------------------------------
| batch_size        | 32        |
| bc/               |           |
|    batch          | 0         |
|    ent_loss       | -0.000693 |
|    entropy        | 0.693     |
|    epoch          | 0         |
|    l2_loss        | 0         |
|    l2_norm        | 72.5      |
|    loss           | 0.693     |
|    neglogp        | 0.693     |
|    prob_true_act  | 0.5       |
|    samples_so_far | 32        |
---------------------------------
---------------------------------
| batch_size        | 32        |
| bc/               |           |
|    batch          | 0         |
|    ent_loss       | -0.000693 |
|    entropy        | 0.693     |
|    epoch          | 0         |
|    l2_loss        | 0         |
|    l2_norm        | 72.5      |
|    loss           | 0.692     |
|    neglogp        | 0.692     |
|    prob_true_act  | 0.5       |
|    samples_so_far | 32        |
---------------------------------
---------------------------------
| batch_size        | 32        |
| bc/               |           |
|    batch          | 0         |
|    ent_loss       | -0.000693 |
|    entropy        | 0.693     |
|    epoch          | 0         |
|    l2_loss        | 0         |
|    l2_norm        | 72.5      |
|    loss           | 0.692     |
|    neglogp        | 0.693     |
|    prob_true_act  | 0.5       |
|    samples_so_far | 32        |
---------------------------------
---------------------------------
| batch_size        | 32        |
| bc/               |           |
|    batch          | 0         |
|    ent_loss       | -0.000693 |
|    entropy        | 0.693     |
|    epoch          | 0         |
|    l2_loss        | 0         |
|    l2_norm        | 72.5      |
|    loss           | 0.692     |
|    neglogp        | 0.693     |
|    prob_true_act  | 0.5       |
|    samples_so_far | 32        |
---------------------------------
---------------------------------
| batch_size        | 32        |
| bc/               |           |
|    batch          | 0         |
|    ent_loss       | -0.000693 |
|    entropy        | 0.693     |
|    epoch          | 0         |
|    l2_loss        | 0         |
|    l2_norm        | 72.5      |
|    loss           | 0.693     |
|    neglogp        | 0.693     |
|    prob_true_act  | 0.5       |
|    samples_so_far | 32        |
---------------------------------
---------------------------------
| batch_size        | 32        |
| bc/               |           |
|    batch          | 0         |
|    ent_loss       | -0.000693 |
|    entropy        | 0.693     |
|    epoch          | 0         |
|    l2_loss        | 0         |
|    l2_norm        | 72.5      |
|    loss           | 0.692     |
|    neglogp        | 0.693     |
|    prob_true_act  | 0.5       |
|    samples_so_far | 32        |
---------------------------------
---------------------------------
| batch_size        | 32        |
| bc/               |           |
|    batch          | 0         |
|    ent_loss       | -0.000693 |
|    entropy        | 0.693     |
|    epoch          | 0         |
|    l2_loss        | 0         |
|    l2_norm        | 72.5      |
|    loss           | 0.693     |
|    neglogp        | 0.693     |
|    prob_true_act  | 0.5       |
|    samples_so_far | 32        |
---------------------------------
---------------------------------
| batch_size        | 32        |
| bc/               |           |
|    batch          | 0         |
|    ent_loss       | -0.000693 |
|    entropy        | 0.693     |
|    epoch          | 0         |
|    l2_loss        | 0         |
|    l2_norm        | 72.5      |
|    loss           | 0.692     |
|    neglogp        | 0.693     |
|    prob_true_act  | 0.5       |
|    samples_so_far | 32        |
---------------------------------
---------------------------------
| batch_size        | 32        |
| bc/               |           |
|    batch          | 0         |
|    ent_loss       | -0.000693 |
|    entropy        | 0.693     |
|    epoch          | 0         |
|    l2_loss        | 0         |
|    l2_norm        | 72.5      |
|    loss           | 0.691     |
|    neglogp        | 0.692     |
|    prob_true_act  | 0.5       |
|    samples_so_far | 32        |
---------------------------------
---------------------------------
| batch_size        | 32        |
| bc/               |           |
|    batch          | 0         |
|    ent_loss       | -0.000693 |
|    entropy        | 0.693     |
|    epoch          | 0         |
|    l2_loss        | 0         |
|    l2_norm        | 72.5      |
|    loss           | 0.692     |
|    neglogp        | 0.693     |
|    prob_true_act  | 0.5       |
|    samples_so_far | 32        |
---------------------------------
---------------------------------
| batch_size        | 32        |
| bc/               |           |
|    batch          | 0         |
|    ent_loss       | -0.000693 |
|    entropy        | 0.693     |
|    epoch          | 0         |
|    l2_loss        | 0         |
|    l2_norm        | 72.5      |
|    loss           | 0.693     |
|    neglogp        | 0.693     |
|    prob_true_act  | 0.5       |
|    samples_so_far | 32        |
---------------------------------
---------------------------------
| batch_size        | 32        |
| bc/               |           |
|    batch          | 0         |
|    ent_loss       | -0.000693 |
|    entropy        | 0.693     |
|    epoch          | 0         |
|    l2_loss        | 0         |
|    l2_norm        | 72.5      |
|    loss           | 0.692     |
|    neglogp        | 0.692     |
|    prob_true_act  | 0.5       |
|    samples_so_far | 32        |
---------------------------------
---------------------------------
| batch_size        | 32        |
| bc/               |           |
|    batch          | 0         |
|    ent_loss       | -0.000693 |
|    entropy        | 0.693     |
|    epoch          | 0         |
|    l2_loss        | 0         |
|    l2_norm        | 72.5      |
|    loss           | 0.692     |
|    neglogp        | 0.693     |
|    prob_true_act  | 0.5       |
|    samples_so_far | 32        |
---------------------------------
---------------------------------
| batch_size        | 32        |
| bc/               |           |
|    batch          | 0         |
|    ent_loss       | -0.000693 |
|    entropy        | 0.693     |
|    epoch          | 0         |
|    l2_loss        | 0         |
|    l2_norm        | 72.5      |
|    loss           | 0.693     |
|    neglogp        | 0.693     |
|    prob_true_act  | 0.5       |
|    samples_so_far | 32        |
---------------------------------
---------------------------------
| batch_size        | 32        |
| bc/               |           |
|    batch          | 0         |
|    ent_loss       | -0.000693 |
|    entropy        | 0.693     |
|    epoch          | 0         |
|    l2_loss        | 0         |
|    l2_norm        | 72.5      |
|    loss           | 0.693     |
|    neglogp        | 0.693     |
|    prob_true_act  | 0.5       |
|    samples_so_far | 32        |
---------------------------------
---------------------------------
| batch_size        | 32        |
| bc/               |           |
|    batch          | 0         |
|    ent_loss       | -0.000693 |
|    entropy        | 0.693     |
|    epoch          | 0         |
|    l2_loss        | 0         |
|    l2_norm        | 72.5      |
|    loss           | 0.694     |
|    neglogp        | 0.694     |
|    prob_true_act  | 0.499     |
|    samples_so_far | 32        |
---------------------------------
---------------------------------
| batch_size        | 32        |
| bc/               |           |
|    batch          | 0         |
|    ent_loss       | -0.000693 |
|    entropy        | 0.693     |
|    epoch          | 0         |
|    l2_loss        | 0         |
|    l2_norm        | 72.5      |
|    loss           | 0.694     |
|    neglogp        | 0.694     |
|    prob_true_act  | 0.499     |
|    samples_so_far | 32        |
---------------------------------
---------------------------------
| batch_size        | 32        |
| bc/               |           |
|    batch          | 0         |
|    ent_loss       | -0.000693 |
|    entropy        | 0.693     |
|    epoch          | 0         |
|    l2_loss        | 0         |
|    l2_norm        | 72.5      |
|    loss           | 0.693     |
|    neglogp        | 0.694     |
|    prob_true_act  | 0.5       |
|    samples_so_far | 32        |
---------------------------------
---------------------------------
| batch_size        | 32        |
| bc/               |           |
|    batch          | 0         |
|    ent_loss       | -0.000693 |
|    entropy        | 0.693     |
|    epoch          | 0         |
|    l2_loss        | 0         |
|    l2_norm        | 72.5      |
|    loss           | 0.692     |
|    neglogp        | 0.693     |
|    prob_true_act  | 0.5       |
|    samples_so_far | 32        |
---------------------------------
{
  "environment": "CartPole-v1",
  "expert": {
    "environment_seed": 40000,
    "episode_failures": [
      0,
      0,
      0,
      0,
      0,
      0,
      0,
      0,
      0,
      0,
      0,
      0,
      0,
      0,
      0,
      0,
      0,
      0,
      0,
      0
    ],
    "episode_lengths": [
      500,
      500,
      500,
      500,
      500,
      500,
      500,
      500,
      500,
      500,
      500,
      500,
      500,
      500,
      500,
      500,
      500,
      500,
      500,
      500
    ],
    "episode_returns": [
      500.0,
      500.0,
      500.0,
      500.0,
      500.0,
      500.0,
      500.0,
      500.0,
      500.0,
      500.0,
      500.0,
      500.0,
      500.0,
      500.0,
      500.0,
      500.0,
      500.0,
      500.0,
      500.0,
      500.0
    ],
    "episodes": 20,
    "failure_count": 0,
    "failure_rate": 0.0,
    "mean_return": 500.0,
    "return_standard_deviation": 0.0,
    "selector_seed": 302000
  },
  "methods": {
    "dagger": [
      {
        "beta": 1.0,
        "cumulative_labels": 500,
        "evaluation": {
          "environment_seed": 40000,
          "episode_failures": [
            1,
            1,
            1,
            1,
            1,
            1,
            1,
            1,
            1,
            1,
            1,
            1,
            1,
            1,
            1,
            1,
            1,
            1,
            1,
            1
          ],
          "episode_lengths": [
            86,
            65,
            77,
            57,
            66,
            166,
            102,
            63,
            65,
            54,
            90,
            68,
            70,
            106,
            45,
            66,
            105,
            66,
            55,
            57
          ],
          "episode_returns": [
            86.0,
            65.0,
            77.0,
            57.0,
            66.0,
            166.0,
            102.0,
            63.0,
            65.0,
            54.0,
            90.0,
            68.0,
            70.0,
            106.0,
            45.0,
            66.0,
            105.0,
            66.0,
            55.0,
            57.0
          ],
          "episodes": 20,
          "failure_count": 20,
          "failure_rate": 1.0,
          "mean_return": 76.45,
          "return_standard_deviation": 26.672973212598553,
          "selector_seed": 302000
        },
        "iteration": 1,
        "new_labels": 500,
        "preupdate_learner_expert_disagreement_rate": null,
        "training_failures": 0,
        "training_segments": 1
      },
      {
        "beta": 0.0,
        "cumulative_labels": 1000,
        "evaluation": {
          "environment_seed": 40000,
          "episode_failures": [
            1,
            1,
            1,
            1,
            1,
            1,
            1,
            1,
            1,
            1,
            1,
            1,
            1,
            1,
            1,
            1,
            1,
            1,
            1,
            1
          ],
          "episode_lengths": [
            139,
            169,
            143,
            263,
            132,
            172,
            144,
            230,
            143,
            124,
            237,
            193,
            170,
            150,
            211,
            281,
            192,
            199,
            128,
            121
          ],
          "episode_returns": [
            139.0,
            169.0,
            143.0,
            263.0,
            132.0,
            172.0,
            144.0,
            230.0,
            143.0,
            124.0,
            237.0,
            193.0,
            170.0,
            150.0,
            211.0,
            281.0,
            192.0,
            199.0,
            128.0,
            121.0
          ],
          "episodes": 20,
          "failure_count": 20,
          "failure_rate": 1.0,
          "mean_return": 177.05,
          "return_standard_deviation": 46.27361559247343,
          "selector_seed": 302000
        },
        "iteration": 2,
        "new_labels": 500,
        "preupdate_learner_expert_disagreement_rate": 0.222,
        "training_failures": 5,
        "training_segments": 6
      },
      {
        "beta": 0.0,
        "cumulative_labels": 1500,
        "evaluation": {
          "environment_seed": 40000,
          "episode_failures": [
            0,
            0,
            0,
            0,
            0,
            0,
            0,
            0,
            0,
            1,
            0,
            0,
            0,
            0,
            1,
            0,
            0,
            0,
            0,
            0
          ],
          "episode_lengths": [
            500,
            500,
            500,
            500,
            500,
            500,
            500,
            500,
            500,
            384,
            500,
            500,
            500,
            500,
            326,
            500,
            500,
            500,
            500,
            500
          ],
          "episode_returns": [
            500.0,
            500.0,
            500.0,
            500.0,
            500.0,
            500.0,
            500.0,
            500.0,
            500.0,
            384.0,
            500.0,
            500.0,
            500.0,
            500.0,
            326.0,
            500.0,
            500.0,
            500.0,
            500.0,
            500.0
          ],
          "episodes": 20,
          "failure_count": 2,
          "failure_rate": 0.1,
          "mean_return": 485.5,
          "return_standard_deviation": 44.456158178592084,
          "selector_seed": 302000
        },
        "iteration": 3,
        "new_labels": 500,
        "preupdate_learner_expert_disagreement_rate": 0.19,
        "training_failures": 1,
        "training_segments": 2
      },
      {
        "beta": 0.0,
        "cumulative_labels": 2000,
        "evaluation": {
          "environment_seed": 40000,
          "episode_failures": [
            0,
            0,
            0,
            0,
            0,
            0,
            0,
            0,
            0,
            1,
            0,
            0,
            0,
            0,
            0,
            0,
            0,
            0,
            0,
            0
          ],
          "episode_lengths": [
            500,
            500,
            500,
            500,
            500,
            500,
            500,
            500,
            500,
            390,
            500,
            500,
            500,
            500,
            500,
            500,
            500,
            500,
            500,
            500
          ],
          "episode_returns": [
            500.0,
            500.0,
            500.0,
            500.0,
            500.0,
            500.0,
            500.0,
            500.0,
            500.0,
            390.0,
            500.0,
            500.0,
            500.0,
            500.0,
            500.0,
            500.0,
            500.0,
            500.0,
            500.0,
            500.0
          ],
          "episodes": 20,
          "failure_count": 1,
          "failure_rate": 0.05,
          "mean_return": 494.5,
          "return_standard_deviation": 23.973944189473706,
          "selector_seed": 302000
        },
        "iteration": 4,
        "new_labels": 500,
        "preupdate_learner_expert_disagreement_rate": 0.086,
        "training_failures": 0,
        "training_segments": 1
      },
      {
        "beta": 0.0,
        "cumulative_labels": 2500,
        "evaluation": {
          "environment_seed": 40000,
          "episode_failures": [
            0,
            0,
            0,
            0,
            0,
            0,
            0,
            0,
            0,
            1,
            0,
            0,
            0,
            0,
            0,
            0,
            0,
            0,
            0,
            0
          ],
          "episode_lengths": [
            500,
            500,
            500,
            500,
            500,
            500,
            500,
            500,
            500,
            387,
            500,
            500,
            500,
            500,
            500,
            500,
            500,
            500,
            500,
            500
          ],
          "episode_returns": [
            500.0,
            500.0,
            500.0,
            500.0,
            500.0,
            500.0,
            500.0,
            500.0,
            500.0,
            387.0,
            500.0,
            500.0,
            500.0,
            500.0,
            500.0,
            500.0,
            500.0,
            500.0,
            500.0,
            500.0
          ],
          "episodes": 20,
          "failure_count": 1,
          "failure_rate": 0.05,
          "mean_return": 494.35,
          "return_standard_deviation": 24.62777903100481,
          "selector_seed": 302000
        },
        "iteration": 5,
        "new_labels": 500,
        "preupdate_learner_expert_disagreement_rate": 0.044,
        "training_failures": 0,
        "training_segments": 1
      },
      {
        "beta": 0.0,
        "cumulative_labels": 3000,
        "evaluation": {
          "environment_seed": 40000,
          "episode_failures": [
            0,
            0,
            0,
            0,
            0,
            0,
            0,
            0,
            0,
            0,
            0,
            0,
            0,
            0,
            0,
            0,
            0,
            0,
            0,
            0
          ],
          "episode_lengths": [
            500,
            500,
            500,
            500,
            500,
            500,
            500,
            500,
            500,
            500,
            500,
            500,
            500,
            500,
            500,
            500,
            500,
            500,
            500,
            500
          ],
          "episode_returns": [
            500.0,
            500.0,
            500.0,
            500.0,
            500.0,
            500.0,
            500.0,
            500.0,
            500.0,
            500.0,
            500.0,
            500.0,
            500.0,
            500.0,
            500.0,
            500.0,
            500.0,
            500.0,
            500.0,
            500.0
          ],
          "episodes": 20,
          "failure_count": 0,
          "failure_rate": 0.0,
          "mean_return": 500.0,
          "return_standard_deviation": 0.0,
          "selector_seed": 302000
        },
        "iteration": 6,
        "new_labels": 500,
        "preupdate_learner_expert_disagreement_rate": 0.052,
        "training_failures": 0,
        "training_segments": 1
      },
      {
        "beta": 0.0,
        "cumulative_labels": 3500,
        "evaluation": {
          "environment_seed": 40000,
          "episode_failures": [
            0,
            0,
            0,
            0,
            0,
            0,
            0,
            0,
            0,
            0,
            0,
            0,
            0,
            0,
            0,
            0,
            0,
            0,
            0,
            0
          ],
          "episode_lengths": [
            500,
            500,
            500,
            500,
            500,
            500,
            500,
            500,
            500,
            500,
            500,
            500,
            500,
            500,
            500,
            500,
            500,
            500,
            500,
            500
          ],
          "episode_returns": [
            500.0,
            500.0,
            500.0,
            500.0,
            500.0,
            500.0,
            500.0,
            500.0,
            500.0,
            500.0,
            500.0,
            500.0,
            500.0,
            500.0,
            500.0,
            500.0,
            500.0,
            500.0,
            500.0,
            500.0
          ],
          "episodes": 20,
          "failure_count": 0,
          "failure_rate": 0.0,
          "mean_return": 500.0,
          "return_standard_deviation": 0.0,
          "selector_seed": 302000
        },
        "iteration": 7,
        "new_labels": 500,
        "preupdate_learner_expert_disagreement_rate": 0.072,
        "training_failures": 0,
        "training_segments": 1
      },
      {
        "beta": 0.0,
        "cumulative_labels": 4000,
        "evaluation": {
          "environment_seed": 40000,
          "episode_failures": [
            0,
            0,
            0,
            0,
            0,
            0,
            0,
            0,
            0,
            0,
            0,
            0,
            0,
            0,
            0,
            0,
            0,
            0,
            0,
            0
          ],
          "episode_lengths": [
            500,
            500,
            500,
            500,
            500,
            500,
            500,
            500,
            500,
            500,
            500,
            500,
            500,
            500,
            500,
            500,
            500,
            500,
            500,
            500
          ],
          "episode_returns": [
            500.0,
            500.0,
            500.0,
            500.0,
            500.0,
            500.0,
            500.0,
            500.0,
            500.0,
            500.0,
            500.0,
            500.0,
            500.0,
            500.0,
            500.0,
            500.0,
            500.0,
            500.0,
            500.0,
            500.0
          ],
          "episodes": 20,
          "failure_count": 0,
          "failure_rate": 0.0,
          "mean_return": 500.0,
          "return_standard_deviation": 0.0,
          "selector_seed": 302000
        },
        "iteration": 8,
        "new_labels": 500,
        "preupdate_learner_expert_disagreement_rate": 0.038,
        "training_failures": 0,
        "training_segments": 1
      },
      {
        "beta": 0.0,
        "cumulative_labels": 4500,
        "evaluation": {
          "environment_seed": 40000,
          "episode_failures": [
            0,
            0,
            0,
            0,
            0,
            0,
            0,
            0,
            0,
            0,
            0,
            0,
            0,
            0,
            0,
            0,
            0,
            0,
            0,
            0
          ],
          "episode_lengths": [
            500,
            500,
            500,
            500,
            500,
            500,
            500,
            500,
            500,
            500,
            500,
            500,
            500,
            500,
            500,
            500,
            500,
            500,
            500,
            500
          ],
          "episode_returns": [
            500.0,
            500.0,
            500.0,
            500.0,
            500.0,
            500.0,
            500.0,
            500.0,
            500.0,
            500.0,
            500.0,
            500.0,
            500.0,
            500.0,
            500.0,
            500.0,
            500.0,
            500.0,
            500.0,
            500.0
          ],
          "episodes": 20,
          "failure_count": 0,
          "failure_rate": 0.0,
          "mean_return": 500.0,
          "return_standard_deviation": 0.0,
          "selector_seed": 302000
        },
        "iteration": 9,
        "new_labels": 500,
        "preupdate_learner_expert_disagreement_rate": 0.054,
        "training_failures": 0,
        "training_segments": 1
      },
      {
        "beta": 0.0,
        "cumulative_labels": 5000,
        "evaluation": {
          "environment_seed": 40000,
          "episode_failures": [
            0,
            0,
            0,
            0,
            0,
            0,
            0,
            0,
            0,
            0,
            0,
            0,
            0,
            0,
            0,
            0,
            0,
            0,
            0,
            0
          ],
          "episode_lengths": [
            500,
            500,
            500,
            500,
            500,
            500,
            500,
            500,
            500,
            500,
            500,
            500,
            500,
            500,
            500,
            500,
            500,
            500,
            500,
            500
          ],
          "episode_returns": [
            500.0,
            500.0,
            500.0,
            500.0,
            500.0,
            500.0,
            500.0,
            500.0,
            500.0,
            500.0,
            500.0,
            500.0,
            500.0,
            500.0,
            500.0,
            500.0,
            500.0,
            500.0,
            500.0,
            500.0
          ],
          "episodes": 20,
          "failure_count": 0,
          "failure_rate": 0.0,
          "mean_return": 500.0,
          "return_standard_deviation": 0.0,
          "selector_seed": 302000
        },
        "iteration": 10,
        "new_labels": 500,
        "preupdate_learner_expert_disagreement_rate": 0.008,
        "training_failures": 0,
        "training_segments": 1
      },
      {
        "beta": 0.0,
        "cumulative_labels": 5500,
        "evaluation": {
          "environment_seed": 40000,
          "episode_failures": [
            0,
            0,
            0,
            0,
            0,
            0,
            0,
            0,
            0,
            0,
            0,
            0,
            0,
            0,
            0,
            0,
            0,
            0,
            0,
            0
          ],
          "episode_lengths": [
            500,
            500,
            500,
            500,
            500,
            500,
            500,
            500,
            500,
            500,
            500,
            500,
            500,
            500,
            500,
            500,
            500,
            500,
            500,
            500
          ],
          "episode_returns": [
            500.0,
            500.0,
            500.0,
            500.0,
            500.0,
            500.0,
            500.0,
            500.0,
            500.0,
            500.0,
            500.0,
            500.0,
            500.0,
            500.0,
            500.0,
            500.0,
            500.0,
            500.0,
            500.0,
            500.0
          ],
          "episodes": 20,
          "failure_count": 0,
          "failure_rate": 0.0,
          "mean_return": 500.0,
          "return_standard_deviation": 0.0,
          "selector_seed": 302000
        },
        "iteration": 11,
        "new_labels": 500,
        "preupdate_learner_expert_disagreement_rate": 0.036,
        "training_failures": 0,
        "training_segments": 1
      },
      {
        "beta": 0.0,
        "cumulative_labels": 6000,
        "evaluation": {
          "environment_seed": 40000,
          "episode_failures": [
            0,
            0,
            0,
            0,
            0,
            0,
            0,
            0,
            0,
            0,
            0,
            0,
            0,
            0,
            0,
            0,
            0,
            0,
            0,
            0
          ],
          "episode_lengths": [
            500,
            500,
            500,
            500,
            500,
            500,
            500,
            500,
            500,
            500,
            500,
            500,
            500,
            500,
            500,
            500,
            500,
            500,
            500,
            500
          ],
          "episode_returns": [
            500.0,
            500.0,
            500.0,
            500.0,
            500.0,
            500.0,
            500.0,
            500.0,
            500.0,
            500.0,
            500.0,
            500.0,
            500.0,
            500.0,
            500.0,
            500.0,
            500.0,
            500.0,
            500.0,
            500.0
          ],
          "episodes": 20,
          "failure_count": 0,
          "failure_rate": 0.0,
          "mean_return": 500.0,
          "return_standard_deviation": 0.0,
          "selector_seed": 302000
        },
        "iteration": 12,
        "new_labels": 500,
        "preupdate_learner_expert_disagreement_rate": 0.016,
        "training_failures": 0,
        "training_segments": 1
      },
      {
        "beta": 0.0,
        "cumulative_labels": 6500,
        "evaluation": {
          "environment_seed": 40000,
          "episode_failures": [
            0,
            0,
            0,
            0,
            0,
            0,
            0,
            0,
            0,
            0,
            0,
            0,
            0,
            0,
            0,
            0,
            0,
            0,
            0,
            0
          ],
          "episode_lengths": [
            500,
            500,
            500,
            500,
            500,
            500,
            500,
            500,
            500,
            500,
            500,
            500,
            500,
            500,
            500,
            500,
            500,
            500,
            500,
            500
          ],
          "episode_returns": [
            500.0,
            500.0,
            500.0,
            500.0,
            500.0,
            500.0,
            500.0,
            500.0,
            500.0,
            500.0,
            500.0,
            500.0,
            500.0,
            500.0,
            500.0,
            500.0,
            500.0,
            500.0,
            500.0,
            500.0
          ],
          "episodes": 20,
          "failure_count": 0,
          "failure_rate": 0.0,
          "mean_return": 500.0,
          "return_standard_deviation": 0.0,
          "selector_seed": 302000
        },
        "iteration": 13,
        "new_labels": 500,
        "preupdate_learner_expert_disagreement_rate": 0.022,
        "training_failures": 0,
        "training_segments": 1
      },
      {
        "beta": 0.0,
        "cumulative_labels": 7000,
        "evaluation": {
          "environment_seed": 40000,
          "episode_failures": [
            0,
            0,
            0,
            0,
            0,
            0,
            0,
            0,
            0,
            0,
            0,
            0,
            0,
            0,
            0,
            0,
            0,
            0,
            0,
            0
          ],
          "episode_lengths": [
            500,
            500,
            500,
            500,
            500,
            500,
            500,
            500,
            500,
            500,
            500,
            500,
            500,
            500,
            500,
            500,
            500,
            500,
            500,
            500
          ],
          "episode_returns": [
            500.0,
            500.0,
            500.0,
            500.0,
            500.0,
            500.0,
            500.0,
            500.0,
            500.0,
            500.0,
            500.0,
            500.0,
            500.0,
            500.0,
            500.0,
            500.0,
            500.0,
            500.0,
            500.0,
            500.0
          ],
          "episodes": 20,
          "failure_count": 0,
          "failure_rate": 0.0,
          "mean_return": 500.0,
          "return_standard_deviation": 0.0,
          "selector_seed": 302000
        },
        "iteration": 14,
        "new_labels": 500,
        "preupdate_learner_expert_disagreement_rate": 0.018,
        "training_failures": 0,
        "training_segments": 1
      },
      {
        "beta": 0.0,
        "cumulative_labels": 7500,
        "evaluation": {
          "environment_seed": 40000,
          "episode_failures": [
            0,
            0,
            0,
            0,
            0,
            0,
            0,
            0,
            0,
            0,
            0,
            0,
            0,
            0,
            0,
            0,
            0,
            0,
            0,
            0
          ],
          "episode_lengths": [
            500,
            500,
            500,
            500,
            500,
            500,
            500,
            500,
            500,
            500,
            500,
            500,
            500,
            500,
            500,
            500,
            500,
            500,
            500,
            500
          ],
          "episode_returns": [
            500.0,
            500.0,
            500.0,
            500.0,
            500.0,
            500.0,
            500.0,
            500.0,
            500.0,
            500.0,
            500.0,
            500.0,
            500.0,
            500.0,
            500.0,
            500.0,
            500.0,
            500.0,
            500.0,
            500.0
          ],
          "episodes": 20,
          "failure_count": 0,
          "failure_rate": 0.0,
          "mean_return": 500.0,
          "return_standard_deviation": 0.0,
          "selector_seed": 302000
        },
        "iteration": 15,
        "new_labels": 500,
        "preupdate_learner_expert_disagreement_rate": 0.016,
        "training_failures": 0,
        "training_segments": 1
      },
      {
        "beta": 0.0,
        "cumulative_labels": 8000,
        "evaluation": {
          "environment_seed": 40000,
          "episode_failures": [
            0,
            0,
            0,
            0,
            0,
            0,
            0,
            0,
            0,
            0,
            0,
            0,
            0,
            0,
            0,
            0,
            0,
            0,
            0,
            0
          ],
          "episode_lengths": [
            500,
            500,
            500,
            500,
            500,
            500,
            500,
            500,
            500,
            500,
            500,
            500,
            500,
            500,
            500,
            500,
            500,
            500,
            500,
            500
          ],
          "episode_returns": [
            500.0,
            500.0,
            500.0,
            500.0,
            500.0,
            500.0,
            500.0,
            500.0,
            500.0,
            500.0,
            500.0,
            500.0,
            500.0,
            500.0,
            500.0,
            500.0,
            500.0,
            500.0,
            500.0,
            500.0
          ],
          "episodes": 20,
          "failure_count": 0,
          "failure_rate": 0.0,
          "mean_return": 500.0,
          "return_standard_deviation": 0.0,
          "selector_seed": 302000
        },
        "iteration": 16,
        "new_labels": 500,
        "preupdate_learner_expert_disagreement_rate": 0.02,
        "training_failures": 0,
        "training_segments": 1
      },
      {
        "beta": 0.0,
        "cumulative_labels": 8500,
        "evaluation": {
          "environment_seed": 40000,
          "episode_failures": [
            0,
            0,
            0,
            0,
            0,
            0,
            0,
            0,
            0,
            0,
            0,
            0,
            0,
            0,
            0,
            0,
            0,
            0,
            0,
            0
          ],
          "episode_lengths": [
            500,
            500,
            500,
            500,
            500,
            500,
            500,
            500,
            500,
            500,
            500,
            500,
            500,
            500,
            500,
            500,
            500,
            500,
            500,
            500
          ],
          "episode_returns": [
            500.0,
            500.0,
            500.0,
            500.0,
            500.0,
            500.0,
            500.0,
            500.0,
            500.0,
            500.0,
            500.0,
            500.0,
            500.0,
            500.0,
            500.0,
            500.0,
            500.0,
            500.0,
            500.0,
            500.0
          ],
          "episodes": 20,
          "failure_count": 0,
          "failure_rate": 0.0,
          "mean_return": 500.0,
          "return_standard_deviation": 0.0,
          "selector_seed": 302000
        },
        "iteration": 17,
        "new_labels": 500,
        "preupdate_learner_expert_disagreement_rate": 0.0,
        "training_failures": 0,
        "training_segments": 1
      },
      {
        "beta": 0.0,
        "cumulative_labels": 9000,
        "evaluation": {
          "environment_seed": 40000,
          "episode_failures": [
            0,
            0,
            0,
            0,
            0,
            0,
            0,
            0,
            0,
            0,
            0,
            0,
            0,
            0,
            0,
            0,
            0,
            0,
            0,
            0
          ],
          "episode_lengths": [
            500,
            500,
            500,
            500,
            500,
            500,
            500,
            500,
            500,
            500,
            500,
            500,
            500,
            500,
            500,
            500,
            500,
            500,
            500,
            500
          ],
          "episode_returns": [
            500.0,
            500.0,
            500.0,
            500.0,
            500.0,
            500.0,
            500.0,
            500.0,
            500.0,
            500.0,
            500.0,
            500.0,
            500.0,
            500.0,
            500.0,
            500.0,
            500.0,
            500.0,
            500.0,
            500.0
          ],
          "episodes": 20,
          "failure_count": 0,
          "failure_rate": 0.0,
          "mean_return": 500.0,
          "return_standard_deviation": 0.0,
          "selector_seed": 302000
        },
        "iteration": 18,
        "new_labels": 500,
        "preupdate_learner_expert_disagreement_rate": 0.0,
        "training_failures": 0,
        "training_segments": 1
      },
      {
        "beta": 0.0,
        "cumulative_labels": 9500,
        "evaluation": {
          "environment_seed": 40000,
          "episode_failures": [
            0,
            0,
            0,
            0,
            0,
            0,
            0,
            0,
            0,
            0,
            0,
            0,
            0,
            0,
            0,
            0,
            0,
            0,
            0,
            0
          ],
          "episode_lengths": [
            500,
            500,
            500,
            500,
            500,
            500,
            500,
            500,
            500,
            500,
            500,
            500,
            500,
            500,
            500,
            500,
            500,
            500,
            500,
            500
          ],
          "episode_returns": [
            500.0,
            500.0,
            500.0,
            500.0,
            500.0,
            500.0,
            500.0,
            500.0,
            500.0,
            500.0,
            500.0,
            500.0,
            500.0,
            500.0,
            500.0,
            500.0,
            500.0,
            500.0,
            500.0,
            500.0
          ],
          "episodes": 20,
          "failure_count": 0,
          "failure_rate": 0.0,
          "mean_return": 500.0,
          "return_standard_deviation": 0.0,
          "selector_seed": 302000
        },
        "iteration": 19,
        "new_labels": 500,
        "preupdate_learner_expert_disagreement_rate": 0.012,
        "training_failures": 0,
        "training_segments": 1
      },
      {
        "beta": 0.0,
        "cumulative_labels": 10000,
        "evaluation": {
          "environment_seed": 40000,
          "episode_failures": [
            0,
            0,
            0,
            0,
            0,
            0,
            0,
            0,
            0,
            0,
            0,
            0,
            0,
            0,
            0,
            0,
            0,
            0,
            0,
            0
          ],
          "episode_lengths": [
            500,
            500,
            500,
            500,
            500,
            500,
            500,
            500,
            500,
            500,
            500,
            500,
            500,
            500,
            500,
            500,
            500,
            500,
            500,
            500
          ],
          "episode_returns": [
            500.0,
            500.0,
            500.0,
            500.0,
            500.0,
            500.0,
            500.0,
            500.0,
            500.0,
            500.0,
            500.0,
            500.0,
            500.0,
            500.0,
            500.0,
            500.0,
            500.0,
            500.0,
            500.0,
            500.0
          ],
          "episodes": 20,
          "failure_count": 0,
          "failure_rate": 0.0,
          "mean_return": 500.0,
          "return_standard_deviation": 0.0,
          "selector_seed": 302000
        },
        "iteration": 20,
        "new_labels": 500,
        "preupdate_learner_expert_disagreement_rate": 0.036,
        "training_failures": 0,
        "training_segments": 1
      }
    ],
    "smile": [
      {
        "alpha": 0.1,
        "cumulative_labels": 500,
        "evaluation": {
          "environment_seed": 40000,
          "episode_failures": [
            1,
            1,
            1,
            1,
            1,
            1,
            1,
            1,
            1,
            1,
            1,
            1,
            1,
            1,
            1,
            1,
            1,
            1,
            1,
            1
          ],
          "episode_lengths": [
            86,
            65,
            77,
            57,
            66,
            166,
            102,
            63,
            65,
            54,
            90,
            68,
            70,
            106,
            45,
            66,
            105,
            66,
            55,
            57
          ],
          "episode_returns": [
            86.0,
            65.0,
            77.0,
            57.0,
            66.0,
            166.0,
            102.0,
            63.0,
            65.0,
            54.0,
            90.0,
            68.0,
            70.0,
            106.0,
            45.0,
            66.0,
            105.0,
            66.0,
            55.0,
            57.0
          ],
          "episodes": 20,
          "failure_count": 20,
          "failure_rate": 1.0,
          "mean_return": 76.45,
          "return_standard_deviation": 26.672973212598553,
          "selector_seed": 302000
        },
        "iteration": 1,
        "learned_policy_component_count": 1,
        "new_labels": 500,
        "realized_collection_expert_fraction": 1.0,
        "theoretical_collection_expert_fraction": 1.0,
        "training_failures": 0,
        "training_segments": 1
      },
      {
        "alpha": 0.1,
        "cumulative_labels": 1000,
        "evaluation": {
          "environment_seed": 40000,
          "episode_failures": [
            1,
            1,
            1,
            1,
            1,
            1,
            1,
            1,
            1,
            1,
            1,
            1,
            1,
            1,
            1,
            1,
            1,
            1,
            1,
            1
          ],
          "episode_lengths": [
            67,
            68,
            86,
            96,
            46,
            92,
            132,
            138,
            56,
            53,
            96,
            82,
            94,
            70,
            48,
            150,
            101,
            72,
            44,
            47
          ],
          "episode_returns": [
            67.0,
            68.0,
            86.0,
            96.0,
            46.0,
            92.0,
            132.0,
            138.0,
            56.0,
            53.0,
            96.0,
            82.0,
            94.0,
            70.0,
            48.0,
            150.0,
            101.0,
            72.0,
            44.0,
            47.0
          ],
          "episodes": 20,
          "failure_count": 20,
          "failure_rate": 1.0,
          "mean_return": 81.9,
          "return_standard_deviation": 30.476056175299327,
          "selector_seed": 302000
        },
        "iteration": 2,
        "learned_policy_component_count": 2,
        "new_labels": 500,
        "realized_collection_expert_fraction": 0.892,
        "theoretical_collection_expert_fraction": 0.9,
        "training_failures": 0,
        "training_segments": 1
      },
      {
        "alpha": 0.1,
        "cumulative_labels": 1500,
        "evaluation": {
          "environment_seed": 40000,
          "episode_failures": [
            1,
            1,
            1,
            1,
            1,
            1,
            1,
            1,
            1,
            1,
            1,
            1,
            1,
            1,
            1,
            1,
            1,
            1,
            1,
            1
          ],
          "episode_lengths": [
            64,
            70,
            114,
            189,
            56,
            162,
            207,
            121,
            63,
            46,
            93,
            114,
            199,
            67,
            55,
            76,
            102,
            71,
            53,
            46
          ],
          "episode_returns": [
            64.0,
            70.0,
            114.0,
            189.0,
            56.0,
            162.0,
            207.0,
            121.0,
            63.0,
            46.0,
            93.0,
            114.0,
            199.0,
            67.0,
            55.0,
            76.0,
            102.0,
            71.0,
            53.0,
            46.0
          ],
          "episodes": 20,
          "failure_count": 20,
          "failure_rate": 1.0,
          "mean_return": 98.4,
          "return_standard_deviation": 50.95233066308155,
          "selector_seed": 302000
        },
        "iteration": 3,
        "learned_policy_component_count": 3,
        "new_labels": 500,
        "realized_collection_expert_fraction": 0.788,
        "theoretical_collection_expert_fraction": 0.81,
        "training_failures": 0,
        "training_segments": 1
      },
      {
        "alpha": 0.1,
        "cumulative_labels": 2000,
        "evaluation": {
          "environment_seed": 40000,
          "episode_failures": [
            1,
            1,
            1,
            1,
            1,
            1,
            1,
            1,
            1,
            1,
            1,
            1,
            1,
            1,
            1,
            1,
            1,
            1,
            1,
            1
          ],
          "episode_lengths": [
            109,
            72,
            126,
            76,
            60,
            103,
            96,
            137,
            61,
            48,
            93,
            112,
            140,
            66,
            58,
            106,
            105,
            70,
            44,
            42
          ],
          "episode_returns": [
            109.0,
            72.0,
            126.0,
            76.0,
            60.0,
            103.0,
            96.0,
            137.0,
            61.0,
            48.0,
            93.0,
            112.0,
            140.0,
            66.0,
            58.0,
            106.0,
            105.0,
            70.0,
            44.0,
            42.0
          ],
          "episodes": 20,
          "failure_count": 20,
          "failure_rate": 1.0,
          "mean_return": 86.2,
          "return_standard_deviation": 29.749957983163608,
          "selector_seed": 302000
        },
        "iteration": 4,
        "learned_policy_component_count": 4,
        "new_labels": 500,
        "realized_collection_expert_fraction": 0.712,
        "theoretical_collection_expert_fraction": 0.7290000000000001,
        "training_failures": 0,
        "training_segments": 1
      },
      {
        "alpha": 0.1,
        "cumulative_labels": 2500,
        "evaluation": {
          "environment_seed": 40000,
          "episode_failures": [
            1,
            1,
            1,
            1,
            1,
            1,
            1,
            1,
            1,
            1,
            1,
            1,
            1,
            1,
            1,
            1,
            1,
            1,
            1,
            1
          ],
          "episode_lengths": [
            110,
            72,
            166,
            74,
            62,
            155,
            89,
            138,
            65,
            46,
            88,
            81,
            88,
            73,
            58,
            113,
            103,
            55,
            48,
            49
          ],
          "episode_returns": [
            110.0,
            72.0,
            166.0,
            74.0,
            62.0,
            155.0,
            89.0,
            138.0,
            65.0,
            46.0,
            88.0,
            81.0,
            88.0,
            73.0,
            58.0,
            113.0,
            103.0,
            55.0,
            48.0,
            49.0
          ],
          "episodes": 20,
          "failure_count": 20,
          "failure_rate": 1.0,
          "mean_return": 86.65,
          "return_standard_deviation": 34.041555487374545,
          "selector_seed": 302000
        },
        "iteration": 5,
        "learned_policy_component_count": 5,
        "new_labels": 500,
        "realized_collection_expert_fraction": 0.66,
        "theoretical_collection_expert_fraction": 0.6561,
        "training_failures": 0,
        "training_segments": 1
      },
      {
        "alpha": 0.1,
        "cumulative_labels": 3000,
        "evaluation": {
          "environment_seed": 40000,
          "episode_failures": [
            1,
            1,
            1,
            1,
            1,
            1,
            1,
            1,
            1,
            1,
            1,
            1,
            1,
            1,
            1,
            1,
            1,
            1,
            1,
            1
          ],
          "episode_lengths": [
            103,
            79,
            84,
            65,
            73,
            74,
            72,
            89,
            74,
            50,
            90,
            62,
            84,
            96,
            62,
            171,
            124,
            55,
            49,
            51
          ],
          "episode_returns": [
            103.0,
            79.0,
            84.0,
            65.0,
            73.0,
            74.0,
            72.0,
            89.0,
            74.0,
            50.0,
            90.0,
            62.0,
            84.0,
            96.0,
            62.0,
            171.0,
            124.0,
            55.0,
            49.0,
            51.0
          ],
          "episodes": 20,
          "failure_count": 20,
          "failure_rate": 1.0,
          "mean_return": 80.35,
          "return_standard_deviation": 27.927182099166398,
          "selector_seed": 302000
        },
        "iteration": 6,
        "learned_policy_component_count": 6,
        "new_labels": 500,
        "realized_collection_expert_fraction": 0.592,
        "theoretical_collection_expert_fraction": 0.5904900000000001,
        "training_failures": 2,
        "training_segments": 3
      },
      {
        "alpha": 0.1,
        "cumulative_labels": 3500,
        "evaluation": {
          "environment_seed": 40000,
          "episode_failures": [
            1,
            1,
            1,
            1,
            1,
            1,
            1,
            1,
            1,
            1,
            1,
            1,
            1,
            1,
            1,
            1,
            1,
            1,
            1,
            1
          ],
          "episode_lengths": [
            111,
            68,
            84,
            89,
            66,
            98,
            78,
            96,
            70,
            60,
            93,
            71,
            66,
            99,
            61,
            70,
            120,
            60,
            54,
            60
          ],
          "episode_returns": [
            111.0,
            68.0,
            84.0,
            89.0,
            66.0,
            98.0,
            78.0,
            96.0,
            70.0,
            60.0,
            93.0,
            71.0,
            66.0,
            99.0,
            61.0,
            70.0,
            120.0,
            60.0,
            54.0,
            60.0
          ],
          "episodes": 20,
          "failure_count": 20,
          "failure_rate": 1.0,
          "mean_return": 78.7,
          "return_standard_deviation": 18.428510520386613,
          "selector_seed": 302000
        },
        "iteration": 7,
        "learned_policy_component_count": 7,
        "new_labels": 500,
        "realized_collection_expert_fraction": 0.538,
        "theoretical_collection_expert_fraction": 0.531441,
        "training_failures": 1,
        "training_segments": 2
      },
      {
        "alpha": 0.1,
        "cumulative_labels": 4000,
        "evaluation": {
          "environment_seed": 40000,
          "episode_failures": [
            1,
            1,
            1,
            1,
            1,
            1,
            1,
            1,
            1,
            1,
            1,
            1,
            1,
            1,
            1,
            1,
            1,
            1,
            1,
            1
          ],
          "episode_lengths": [
            102,
            76,
            119,
            90,
            67,
            136,
            103,
            89,
            68,
            50,
            97,
            138,
            104,
            66,
            58,
            77,
            111,
            76,
            53,
            52
          ],
          "episode_returns": [
            102.0,
            76.0,
            119.0,
            90.0,
            67.0,
            136.0,
            103.0,
            89.0,
            68.0,
            50.0,
            97.0,
            138.0,
            104.0,
            66.0,
            58.0,
            77.0,
            111.0,
            76.0,
            53.0,
            52.0
          ],
          "episodes": 20,
          "failure_count": 20,
          "failure_rate": 1.0,
          "mean_return": 86.6,
          "return_standard_deviation": 26.09291091465266,
          "selector_seed": 302000
        },
        "iteration": 8,
        "learned_policy_component_count": 8,
        "new_labels": 500,
        "realized_collection_expert_fraction": 0.484,
        "theoretical_collection_expert_fraction": 0.4782969000000001,
        "training_failures": 1,
        "training_segments": 2
      },
      {
        "alpha": 0.1,
        "cumulative_labels": 4500,
        "evaluation": {
          "environment_seed": 40000,
          "episode_failures": [
            1,
            1,
            1,
            1,
            1,
            1,
            1,
            1,
            1,
            1,
            1,
            1,
            1,
            1,
            1,
            1,
            1,
            1,
            1,
            1
          ],
          "episode_lengths": [
            94,
            82,
            146,
            71,
            54,
            237,
            79,
            155,
            67,
            57,
            112,
            109,
            92,
            65,
            61,
            75,
            120,
            76,
            47,
            52
          ],
          "episode_returns": [
            94.0,
            82.0,
            146.0,
            71.0,
            54.0,
            237.0,
            79.0,
            155.0,
            67.0,
            57.0,
            112.0,
            109.0,
            92.0,
            65.0,
            61.0,
            75.0,
            120.0,
            76.0,
            47.0,
            52.0
          ],
          "episodes": 20,
          "failure_count": 20,
          "failure_rate": 1.0,
          "mean_return": 92.55,
          "return_standard_deviation": 44.29726289512705,
          "selector_seed": 302000
        },
        "iteration": 9,
        "learned_policy_component_count": 9,
        "new_labels": 500,
        "realized_collection_expert_fraction": 0.382,
        "theoretical_collection_expert_fraction": 0.4304672100000001,
        "training_failures": 1,
        "training_segments": 2
      },
      {
        "alpha": 0.1,
        "cumulative_labels": 5000,
        "evaluation": {
          "environment_seed": 40000,
          "episode_failures": [
            1,
            1,
            1,
            1,
            1,
            1,
            1,
            1,
            1,
            1,
            1,
            1,
            1,
            1,
            1,
            1,
            1,
            1,
            1,
            1
          ],
          "episode_lengths": [
            107,
            80,
            94,
            86,
            56,
            108,
            71,
            283,
            59,
            57,
            105,
            116,
            74,
            65,
            62,
            67,
            132,
            67,
            65,
            52
          ],
          "episode_returns": [
            107.0,
            80.0,
            94.0,
            86.0,
            56.0,
            108.0,
            71.0,
            283.0,
            59.0,
            57.0,
            105.0,
            116.0,
            74.0,
            65.0,
            62.0,
            67.0,
            132.0,
            67.0,
            65.0,
            52.0
          ],
          "episodes": 20,
          "failure_count": 20,
          "failure_rate": 1.0,
          "mean_return": 90.3,
          "return_standard_deviation": 49.50565624249414,
          "selector_seed": 302000
        },
        "iteration": 10,
        "learned_policy_component_count": 10,
        "new_labels": 500,
        "realized_collection_expert_fraction": 0.418,
        "theoretical_collection_expert_fraction": 0.3874204890000001,
        "training_failures": 4,
        "training_segments": 5
      },
      {
        "alpha": 0.1,
        "cumulative_labels": 5500,
        "evaluation": {
          "environment_seed": 40000,
          "episode_failures": [
            1,
            1,
            1,
            1,
            1,
            1,
            1,
            1,
            1,
            1,
            1,
            1,
            1,
            1,
            1,
            1,
            1,
            1,
            1,
            1
          ],
          "episode_lengths": [
            158,
            98,
            66,
            113,
            56,
            95,
            78,
            105,
            71,
            59,
            119,
            142,
            81,
            70,
            61,
            70,
            140,
            71,
            73,
            56
          ],
          "episode_returns": [
            158.0,
            98.0,
            66.0,
            113.0,
            56.0,
            95.0,
            78.0,
            105.0,
            71.0,
            59.0,
            119.0,
            142.0,
            81.0,
            70.0,
            61.0,
            70.0,
            140.0,
            71.0,
            73.0,
            56.0
          ],
          "episodes": 20,
          "failure_count": 20,
          "failure_rate": 1.0,
          "mean_return": 89.1,
          "return_standard_deviation": 30.18426742526643,
          "selector_seed": 302000
        },
        "iteration": 11,
        "learned_policy_component_count": 11,
        "new_labels": 500,
        "realized_collection_expert_fraction": 0.356,
        "theoretical_collection_expert_fraction": 0.3486784401000001,
        "training_failures": 2,
        "training_segments": 3
      },
      {
        "alpha": 0.1,
        "cumulative_labels": 6000,
        "evaluation": {
          "environment_seed": 40000,
          "episode_failures": [
            1,
            1,
            1,
            1,
            1,
            1,
            1,
            1,
            1,
            1,
            1,
            1,
            1,
            1,
            1,
            1,
            1,
            1,
            1,
            1
          ],
          "episode_lengths": [
            84,
            96,
            72,
            130,
            56,
            141,
            79,
            165,
            56,
            56,
            66,
            148,
            120,
            69,
            67,
            77,
            88,
            77,
            47,
            61
          ],
          "episode_returns": [
            84.0,
            96.0,
            72.0,
            130.0,
            56.0,
            141.0,
            79.0,
            165.0,
            56.0,
            56.0,
            66.0,
            148.0,
            120.0,
            69.0,
            67.0,
            77.0,
            88.0,
            77.0,
            47.0,
            61.0
          ],
          "episodes": 20,
          "failure_count": 20,
          "failure_rate": 1.0,
          "mean_return": 87.75,
          "return_standard_deviation": 33.57956968157871,
          "selector_seed": 302000
        },
        "iteration": 12,
        "learned_policy_component_count": 12,
        "new_labels": 500,
        "realized_collection_expert_fraction": 0.302,
        "theoretical_collection_expert_fraction": 0.31381059609000006,
        "training_failures": 3,
        "training_segments": 4
      },
      {
        "alpha": 0.1,
        "cumulative_labels": 6500,
        "evaluation": {
          "environment_seed": 40000,
          "episode_failures": [
            1,
            1,
            1,
            1,
            1,
            1,
            1,
            1,
            1,
            1,
            1,
            1,
            1,
            1,
            1,
            1,
            1,
            1,
            1,
            1
          ],
          "episode_lengths": [
            105,
            104,
            102,
            139,
            72,
            148,
            160,
            161,
            59,
            57,
            64,
            119,
            104,
            70,
            75,
            90,
            81,
            108,
            50,
            47
          ],
          "episode_returns": [
            105.0,
            104.0,
            102.0,
            139.0,
            72.0,
            148.0,
            160.0,
            161.0,
            59.0,
            57.0,
            64.0,
            119.0,
            104.0,
            70.0,
            75.0,
            90.0,
            81.0,
            108.0,
            50.0,
            47.0
          ],
          "episodes": 20,
          "failure_count": 20,
          "failure_rate": 1.0,
          "mean_return": 95.75,
          "return_standard_deviation": 34.767621431441064,
          "selector_seed": 302000
        },
        "iteration": 13,
        "learned_policy_component_count": 13,
        "new_labels": 500,
        "realized_collection_expert_fraction": 0.262,
        "theoretical_collection_expert_fraction": 0.2824295364810001,
        "training_failures": 3,
        "training_segments": 4
      },
      {
        "alpha": 0.1,
        "cumulative_labels": 7000,
        "evaluation": {
          "environment_seed": 40000,
          "episode_failures": [
            1,
            1,
            1,
            1,
            1,
            1,
            1,
            1,
            1,
            1,
            1,
            1,
            1,
            1,
            1,
            1,
            1,
            1,
            1,
            1
          ],
          "episode_lengths": [
            86,
            109,
            128,
            138,
            79,
            100,
            201,
            132,
            64,
            61,
            66,
            128,
            82,
            73,
            142,
            136,
            105,
            115,
            50,
            51
          ],
          "episode_returns": [
            86.0,
            109.0,
            128.0,
            138.0,
            79.0,
            100.0,
            201.0,
            132.0,
            64.0,
            61.0,
            66.0,
            128.0,
            82.0,
            73.0,
            142.0,
            136.0,
            105.0,
            115.0,
            50.0,
            51.0
          ],
          "episodes": 20,
          "failure_count": 20,
          "failure_rate": 1.0,
          "mean_return": 102.3,
          "return_standard_deviation": 37.4741244060485,
          "selector_seed": 302000
        },
        "iteration": 14,
        "learned_policy_component_count": 14,
        "new_labels": 500,
        "realized_collection_expert_fraction": 0.262,
        "theoretical_collection_expert_fraction": 0.2541865828329001,
        "training_failures": 3,
        "training_segments": 4
      },
      {
        "alpha": 0.1,
        "cumulative_labels": 7500,
        "evaluation": {
          "environment_seed": 40000,
          "episode_failures": [
            1,
            1,
            1,
            1,
            1,
            1,
            1,
            1,
            1,
            1,
            1,
            1,
            1,
            1,
            1,
            1,
            1,
            1,
            1,
            1
          ],
          "episode_lengths": [
            87,
            103,
            119,
            186,
            81,
            122,
            162,
            196,
            125,
            66,
            77,
            241,
            94,
            72,
            62,
            133,
            148,
            86,
            65,
            53
          ],
          "episode_returns": [
            87.0,
            103.0,
            119.0,
            186.0,
            81.0,
            122.0,
            162.0,
            196.0,
            125.0,
            66.0,
            77.0,
            241.0,
            94.0,
            72.0,
            62.0,
            133.0,
            148.0,
            86.0,
            65.0,
            53.0
          ],
          "episodes": 20,
          "failure_count": 20,
          "failure_rate": 1.0,
          "mean_return": 113.9,
          "return_standard_deviation": 49.7261500621152,
          "selector_seed": 302000
        },
        "iteration": 15,
        "learned_policy_component_count": 15,
        "new_labels": 500,
        "realized_collection_expert_fraction": 0.186,
        "theoretical_collection_expert_fraction": 0.2287679245496101,
        "training_failures": 3,
        "training_segments": 4
      },
      {
        "alpha": 0.1,
        "cumulative_labels": 8000,
        "evaluation": {
          "environment_seed": 40000,
          "episode_failures": [
            1,
            1,
            1,
            1,
            1,
            1,
            1,
            1,
            1,
            1,
            1,
            1,
            1,
            1,
            1,
            1,
            1,
            1,
            1,
            1
          ],
          "episode_lengths": [
            133,
            114,
            196,
            138,
            71,
            100,
            102,
            166,
            143,
            51,
            73,
            159,
            84,
            90,
            57,
            102,
            95,
            86,
            67,
            64
          ],
          "episode_returns": [
            133.0,
            114.0,
            196.0,
            138.0,
            71.0,
            100.0,
            102.0,
            166.0,
            143.0,
            51.0,
            73.0,
            159.0,
            84.0,
            90.0,
            57.0,
            102.0,
            95.0,
            86.0,
            67.0,
            64.0
          ],
          "episodes": 20,
          "failure_count": 20,
          "failure_rate": 1.0,
          "mean_return": 104.55,
          "return_standard_deviation": 38.73431940798754,
          "selector_seed": 302000
        },
        "iteration": 16,
        "learned_policy_component_count": 16,
        "new_labels": 500,
        "realized_collection_expert_fraction": 0.222,
        "theoretical_collection_expert_fraction": 0.20589113209464907,
        "training_failures": 2,
        "training_segments": 3
      },
      {
        "alpha": 0.1,
        "cumulative_labels": 8500,
        "evaluation": {
          "environment_seed": 40000,
          "episode_failures": [
            1,
            1,
            1,
            1,
            1,
            1,
            1,
            1,
            1,
            1,
            1,
            1,
            1,
            1,
            1,
            1,
            1,
            1,
            1,
            1
          ],
          "episode_lengths": [
            133,
            82,
            94,
            104,
            57,
            106,
            168,
            165,
            84,
            55,
            77,
            111,
            92,
            85,
            70,
            216,
            227,
            73,
            74,
            70
          ],
          "episode_returns": [
            133.0,
            82.0,
            94.0,
            104.0,
            57.0,
            106.0,
            168.0,
            165.0,
            84.0,
            55.0,
            77.0,
            111.0,
            92.0,
            85.0,
            70.0,
            216.0,
            227.0,
            73.0,
            74.0,
            70.0
          ],
          "episodes": 20,
          "failure_count": 20,
          "failure_rate": 1.0,
          "mean_return": 107.15,
          "return_standard_deviation": 48.57290911609063,
          "selector_seed": 302000
        },
        "iteration": 17,
        "learned_policy_component_count": 17,
        "new_labels": 500,
        "realized_collection_expert_fraction": 0.192,
        "theoretical_collection_expert_fraction": 0.18530201888518416,
        "training_failures": 2,
        "training_segments": 3
      },
      {
        "alpha": 0.1,
        "cumulative_labels": 9000,
        "evaluation": {
          "environment_seed": 40000,
          "episode_failures": [
            1,
            1,
            1,
            1,
            1,
            1,
            1,
            1,
            1,
            1,
            1,
            1,
            1,
            1,
            1,
            1,
            1,
            1,
            1,
            1
          ],
          "episode_lengths": [
            134,
            70,
            196,
            116,
            104,
            103,
            141,
            196,
            95,
            50,
            96,
            229,
            127,
            78,
            81,
            197,
            128,
            117,
            102,
            159
          ],
          "episode_returns": [
            134.0,
            70.0,
            196.0,
            116.0,
            104.0,
            103.0,
            141.0,
            196.0,
            95.0,
            50.0,
            96.0,
            229.0,
            127.0,
            78.0,
            81.0,
            197.0,
            128.0,
            117.0,
            102.0,
            159.0
          ],
          "episodes": 20,
          "failure_count": 20,
          "failure_rate": 1.0,
          "mean_return": 125.95,
          "return_standard_deviation": 46.7466308946431,
          "selector_seed": 302000
        },
        "iteration": 18,
        "learned_policy_component_count": 18,
        "new_labels": 500,
        "realized_collection_expert_fraction": 0.176,
        "theoretical_collection_expert_fraction": 0.16677181699666577,
        "training_failures": 2,
        "training_segments": 3
      },
      {
        "alpha": 0.1,
        "cumulative_labels": 9500,
        "evaluation": {
          "environment_seed": 40000,
          "episode_failures": [
            1,
            1,
            1,
            1,
            1,
            1,
            1,
            1,
            1,
            1,
            1,
            1,
            1,
            1,
            1,
            1,
            1,
            1,
            1,
            1
          ],
          "episode_lengths": [
            99,
            61,
            160,
            97,
            84,
            136,
            137,
            143,
            68,
            62,
            79,
            206,
            178,
            79,
            60,
            188,
            107,
            125,
            106,
            80
          ],
          "episode_returns": [
            99.0,
            61.0,
            160.0,
            97.0,
            84.0,
            136.0,
            137.0,
            143.0,
            68.0,
            62.0,
            79.0,
            206.0,
            178.0,
            79.0,
            60.0,
            188.0,
            107.0,
            125.0,
            106.0,
            80.0
          ],
          "episodes": 20,
          "failure_count": 20,
          "failure_rate": 1.0,
          "mean_return": 112.75,
          "return_standard_deviation": 43.45903243285566,
          "selector_seed": 302000
        },
        "iteration": 19,
        "learned_policy_component_count": 19,
        "new_labels": 500,
        "realized_collection_expert_fraction": 0.13,
        "theoretical_collection_expert_fraction": 0.15009463529699918,
        "training_failures": 4,
        "training_segments": 5
      },
      {
        "alpha": 0.1,
        "cumulative_labels": 10000,
        "evaluation": {
          "environment_seed": 40000,
          "episode_failures": [
            1,
            1,
            1,
            1,
            1,
            1,
            1,
            1,
            1,
            1,
            1,
            1,
            1,
            1,
            1,
            1,
            1,
            1,
            1,
            1
          ],
          "episode_lengths": [
            100,
            65,
            153,
            102,
            79,
            141,
            180,
            115,
            83,
            62,
            67,
            144,
            228,
            76,
            83,
            136,
            146,
            131,
            112,
            87
          ],
          "episode_returns": [
            100.0,
            65.0,
            153.0,
            102.0,
            79.0,
            141.0,
            180.0,
            115.0,
            83.0,
            62.0,
            67.0,
            144.0,
            228.0,
            76.0,
            83.0,
            136.0,
            146.0,
            131.0,
            112.0,
            87.0
          ],
          "episodes": 20,
          "failure_count": 20,
          "failure_rate": 1.0,
          "mean_return": 114.5,
          "return_standard_deviation": 41.99583312663293,
          "selector_seed": 302000
        },
        "iteration": 20,
        "learned_policy_component_count": 20,
        "new_labels": 500,
        "realized_collection_expert_fraction": 0.104,
        "theoretical_collection_expert_fraction": 0.13508517176729928,
        "training_failures": 2,
        "training_segments": 3
      }
    ],
    "supervised": [
      {
        "cumulative_labels": 500,
        "evaluation": {
          "environment_seed": 40000,
          "episode_failures": [
            1,
            1,
            1,
            1,
            1,
            1,
            1,
            1,
            1,
            1,
            1,
            1,
            1,
            1,
            1,
            1,
            1,
            1,
            1,
            1
          ],
          "episode_lengths": [
            86,
            65,
            77,
            57,
            66,
            166,
            102,
            63,
            65,
            54,
            90,
            68,
            70,
            106,
            45,
            66,
            105,
            66,
            55,
            57
          ],
          "episode_returns": [
            86.0,
            65.0,
            77.0,
            57.0,
            66.0,
            166.0,
            102.0,
            63.0,
            65.0,
            54.0,
            90.0,
            68.0,
            70.0,
            106.0,
            45.0,
            66.0,
            105.0,
            66.0,
            55.0,
            57.0
          ],
          "episodes": 20,
          "failure_count": 20,
          "failure_rate": 1.0,
          "mean_return": 76.45,
          "return_standard_deviation": 26.672973212598553,
          "selector_seed": 302000
        },
        "iteration": 1,
        "new_labels": 500,
        "training_failures": 0,
        "training_segments": 1
      },
      {
        "cumulative_labels": 1000,
        "evaluation": {
          "environment_seed": 40000,
          "episode_failures": [
            1,
            1,
            1,
            1,
            1,
            1,
            1,
            1,
            1,
            1,
            1,
            1,
            1,
            1,
            1,
            1,
            1,
            1,
            1,
            1
          ],
          "episode_lengths": [
            328,
            138,
            310,
            164,
            78,
            220,
            216,
            278,
            78,
            68,
            110,
            294,
            212,
            214,
            67,
            194,
            122,
            87,
            80,
            70
          ],
          "episode_returns": [
            328.0,
            138.0,
            310.0,
            164.0,
            78.0,
            220.0,
            216.0,
            278.0,
            78.0,
            68.0,
            110.0,
            294.0,
            212.0,
            214.0,
            67.0,
            194.0,
            122.0,
            87.0,
            80.0,
            70.0
          ],
          "episodes": 20,
          "failure_count": 20,
          "failure_rate": 1.0,
          "mean_return": 166.4,
          "return_standard_deviation": 86.64029085823753,
          "selector_seed": 302000
        },
        "iteration": 2,
        "new_labels": 500,
        "training_failures": 0,
        "training_segments": 1
      },
      {
        "cumulative_labels": 1500,
        "evaluation": {
          "environment_seed": 40000,
          "episode_failures": [
            0,
            0,
            0,
            0,
            1,
            0,
            0,
            0,
            1,
            1,
            1,
            0,
            0,
            0,
            1,
            0,
            1,
            1,
            1,
            1
          ],
          "episode_lengths": [
            500,
            500,
            500,
            500,
            145,
            500,
            500,
            500,
            137,
            118,
            206,
            500,
            500,
            500,
            132,
            500,
            194,
            177,
            140,
            151
          ],
          "episode_returns": [
            500.0,
            500.0,
            500.0,
            500.0,
            145.0,
            500.0,
            500.0,
            500.0,
            137.0,
            118.0,
            206.0,
            500.0,
            500.0,
            500.0,
            132.0,
            500.0,
            194.0,
            177.0,
            140.0,
            151.0
          ],
          "episodes": 20,
          "failure_count": 9,
          "failure_rate": 0.45,
          "mean_return": 345.0,
          "return_standard_deviation": 172.40127609736535,
          "selector_seed": 302000
        },
        "iteration": 3,
        "new_labels": 500,
        "training_failures": 0,
        "training_segments": 1
      },
      {
        "cumulative_labels": 2000,
        "evaluation": {
          "environment_seed": 40000,
          "episode_failures": [
            0,
            0,
            0,
            0,
            0,
            0,
            0,
            0,
            0,
            1,
            0,
            0,
            0,
            0,
            0,
            0,
            0,
            0,
            0,
            0
          ],
          "episode_lengths": [
            500,
            500,
            500,
            500,
            500,
            500,
            500,
            500,
            500,
            378,
            500,
            500,
            500,
            500,
            500,
            500,
            500,
            500,
            500,
            500
          ],
          "episode_returns": [
            500.0,
            500.0,
            500.0,
            500.0,
            500.0,
            500.0,
            500.0,
            500.0,
            500.0,
            378.0,
            500.0,
            500.0,
            500.0,
            500.0,
            500.0,
            500.0,
            500.0,
            500.0,
            500.0,
            500.0
          ],
          "episodes": 20,
          "failure_count": 1,
          "failure_rate": 0.05,
          "mean_return": 493.9,
          "return_standard_deviation": 26.58928355559811,
          "selector_seed": 302000
        },
        "iteration": 4,
        "new_labels": 500,
        "training_failures": 0,
        "training_segments": 1
      },
      {
        "cumulative_labels": 2500,
        "evaluation": {
          "environment_seed": 40000,
          "episode_failures": [
            0,
            0,
            0,
            0,
            0,
            0,
            0,
            0,
            0,
            0,
            0,
            0,
            0,
            0,
            0,
            0,
            0,
            0,
            0,
            0
          ],
          "episode_lengths": [
            500,
            500,
            500,
            500,
            500,
            500,
            500,
            500,
            500,
            500,
            500,
            500,
            500,
            500,
            500,
            500,
            500,
            500,
            500,
            500
          ],
          "episode_returns": [
            500.0,
            500.0,
            500.0,
            500.0,
            500.0,
            500.0,
            500.0,
            500.0,
            500.0,
            500.0,
            500.0,
            500.0,
            500.0,
            500.0,
            500.0,
            500.0,
            500.0,
            500.0,
            500.0,
            500.0
          ],
          "episodes": 20,
          "failure_count": 0,
          "failure_rate": 0.0,
          "mean_return": 500.0,
          "return_standard_deviation": 0.0,
          "selector_seed": 302000
        },
        "iteration": 5,
        "new_labels": 500,
        "training_failures": 0,
        "training_segments": 1
      },
      {
        "cumulative_labels": 3000,
        "evaluation": {
          "environment_seed": 40000,
          "episode_failures": [
            0,
            0,
            0,
            0,
            0,
            0,
            0,
            0,
            0,
            0,
            0,
            0,
            0,
            0,
            0,
            0,
            0,
            0,
            0,
            0
          ],
          "episode_lengths": [
            500,
            500,
            500,
            500,
            500,
            500,
            500,
            500,
            500,
            500,
            500,
            500,
            500,
            500,
            500,
            500,
            500,
            500,
            500,
            500
          ],
          "episode_returns": [
            500.0,
            500.0,
            500.0,
            500.0,
            500.0,
            500.0,
            500.0,
            500.0,
            500.0,
            500.0,
            500.0,
            500.0,
            500.0,
            500.0,
            500.0,
            500.0,
            500.0,
            500.0,
            500.0,
            500.0
          ],
          "episodes": 20,
          "failure_count": 0,
          "failure_rate": 0.0,
          "mean_return": 500.0,
          "return_standard_deviation": 0.0,
          "selector_seed": 302000
        },
        "iteration": 6,
        "new_labels": 500,
        "training_failures": 0,
        "training_segments": 1
      },
      {
        "cumulative_labels": 3500,
        "evaluation": {
          "environment_seed": 40000,
          "episode_failures": [
            0,
            0,
            0,
            0,
            0,
            0,
            0,
            0,
            0,
            0,
            0,
            0,
            0,
            0,
            0,
            0,
            0,
            0,
            0,
            0
          ],
          "episode_lengths": [
            500,
            500,
            500,
            500,
            500,
            500,
            500,
            500,
            500,
            500,
            500,
            500,
            500,
            500,
            500,
            500,
            500,
            500,
            500,
            500
          ],
          "episode_returns": [
            500.0,
            500.0,
            500.0,
            500.0,
            500.0,
            500.0,
            500.0,
            500.0,
            500.0,
            500.0,
            500.0,
            500.0,
            500.0,
            500.0,
            500.0,
            500.0,
            500.0,
            500.0,
            500.0,
            500.0
          ],
          "episodes": 20,
          "failure_count": 0,
          "failure_rate": 0.0,
          "mean_return": 500.0,
          "return_standard_deviation": 0.0,
          "selector_seed": 302000
        },
        "iteration": 7,
        "new_labels": 500,
        "training_failures": 0,
        "training_segments": 1
      },
      {
        "cumulative_labels": 4000,
        "evaluation": {
          "environment_seed": 40000,
          "episode_failures": [
            0,
            0,
            0,
            0,
            0,
            0,
            0,
            0,
            0,
            0,
            0,
            0,
            0,
            0,
            0,
            0,
            0,
            0,
            0,
            0
          ],
          "episode_lengths": [
            500,
            500,
            500,
            500,
            500,
            500,
            500,
            500,
            500,
            500,
            500,
            500,
            500,
            500,
            500,
            500,
            500,
            500,
            500,
            500
          ],
          "episode_returns": [
            500.0,
            500.0,
            500.0,
            500.0,
            500.0,
            500.0,
            500.0,
            500.0,
            500.0,
            500.0,
            500.0,
            500.0,
            500.0,
            500.0,
            500.0,
            500.0,
            500.0,
            500.0,
            500.0,
            500.0
          ],
          "episodes": 20,
          "failure_count": 0,
          "failure_rate": 0.0,
          "mean_return": 500.0,
          "return_standard_deviation": 0.0,
          "selector_seed": 302000
        },
        "iteration": 8,
        "new_labels": 500,
        "training_failures": 0,
        "training_segments": 1
      },
      {
        "cumulative_labels": 4500,
        "evaluation": {
          "environment_seed": 40000,
          "episode_failures": [
            0,
            0,
            0,
            0,
            0,
            0,
            0,
            0,
            0,
            0,
            0,
            0,
            0,
            0,
            0,
            0,
            0,
            0,
            0,
            0
          ],
          "episode_lengths": [
            500,
            500,
            500,
            500,
            500,
            500,
            500,
            500,
            500,
            500,
            500,
            500,
            500,
            500,
            500,
            500,
            500,
            500,
            500,
            500
          ],
          "episode_returns": [
            500.0,
            500.0,
            500.0,
            500.0,
            500.0,
            500.0,
            500.0,
            500.0,
            500.0,
            500.0,
            500.0,
            500.0,
            500.0,
            500.0,
            500.0,
            500.0,
            500.0,
            500.0,
            500.0,
            500.0
          ],
          "episodes": 20,
          "failure_count": 0,
          "failure_rate": 0.0,
          "mean_return": 500.0,
          "return_standard_deviation": 0.0,
          "selector_seed": 302000
        },
        "iteration": 9,
        "new_labels": 500,
        "training_failures": 0,
        "training_segments": 1
      },
      {
        "cumulative_labels": 5000,
        "evaluation": {
          "environment_seed": 40000,
          "episode_failures": [
            0,
            0,
            0,
            0,
            0,
            0,
            0,
            0,
            0,
            0,
            0,
            0,
            0,
            0,
            0,
            0,
            0,
            0,
            0,
            0
          ],
          "episode_lengths": [
            500,
            500,
            500,
            500,
            500,
            500,
            500,
            500,
            500,
            500,
            500,
            500,
            500,
            500,
            500,
            500,
            500,
            500,
            500,
            500
          ],
          "episode_returns": [
            500.0,
            500.0,
            500.0,
            500.0,
            500.0,
            500.0,
            500.0,
            500.0,
            500.0,
            500.0,
            500.0,
            500.0,
            500.0,
            500.0,
            500.0,
            500.0,
            500.0,
            500.0,
            500.0,
            500.0
          ],
          "episodes": 20,
          "failure_count": 0,
          "failure_rate": 0.0,
          "mean_return": 500.0,
          "return_standard_deviation": 0.0,
          "selector_seed": 302000
        },
        "iteration": 10,
        "new_labels": 500,
        "training_failures": 0,
        "training_segments": 1
      },
      {
        "cumulative_labels": 5500,
        "evaluation": {
          "environment_seed": 40000,
          "episode_failures": [
            0,
            0,
            0,
            0,
            0,
            0,
            0,
            0,
            0,
            0,
            0,
            0,
            0,
            0,
            0,
            0,
            0,
            0,
            0,
            0
          ],
          "episode_lengths": [
            500,
            500,
            500,
            500,
            500,
            500,
            500,
            500,
            500,
            500,
            500,
            500,
            500,
            500,
            500,
            500,
            500,
            500,
            500,
            500
          ],
          "episode_returns": [
            500.0,
            500.0,
            500.0,
            500.0,
            500.0,
            500.0,
            500.0,
            500.0,
            500.0,
            500.0,
            500.0,
            500.0,
            500.0,
            500.0,
            500.0,
            500.0,
            500.0,
            500.0,
            500.0,
            500.0
          ],
          "episodes": 20,
          "failure_count": 0,
          "failure_rate": 0.0,
          "mean_return": 500.0,
          "return_standard_deviation": 0.0,
          "selector_seed": 302000
        },
        "iteration": 11,
        "new_labels": 500,
        "training_failures": 0,
        "training_segments": 1
      },
      {
        "cumulative_labels": 6000,
        "evaluation": {
          "environment_seed": 40000,
          "episode_failures": [
            0,
            0,
            0,
            0,
            0,
            0,
            0,
            0,
            0,
            0,
            0,
            0,
            0,
            0,
            0,
            0,
            0,
            0,
            0,
            0
          ],
          "episode_lengths": [
            500,
            500,
            500,
            500,
            500,
            500,
            500,
            500,
            500,
            500,
            500,
            500,
            500,
            500,
            500,
            500,
            500,
            500,
            500,
            500
          ],
          "episode_returns": [
            500.0,
            500.0,
            500.0,
            500.0,
            500.0,
            500.0,
            500.0,
            500.0,
            500.0,
            500.0,
            500.0,
            500.0,
            500.0,
            500.0,
            500.0,
            500.0,
            500.0,
            500.0,
            500.0,
            500.0
          ],
          "episodes": 20,
          "failure_count": 0,
          "failure_rate": 0.0,
          "mean_return": 500.0,
          "return_standard_deviation": 0.0,
          "selector_seed": 302000
        },
        "iteration": 12,
        "new_labels": 500,
        "training_failures": 0,
        "training_segments": 1
      },
      {
        "cumulative_labels": 6500,
        "evaluation": {
          "environment_seed": 40000,
          "episode_failures": [
            0,
            0,
            0,
            0,
            0,
            0,
            0,
            0,
            0,
            0,
            0,
            0,
            0,
            0,
            0,
            0,
            0,
            0,
            0,
            0
          ],
          "episode_lengths": [
            500,
            500,
            500,
            500,
            500,
            500,
            500,
            500,
            500,
            500,
            500,
            500,
            500,
            500,
            500,
            500,
            500,
            500,
            500,
            500
          ],
          "episode_returns": [
            500.0,
            500.0,
            500.0,
            500.0,
            500.0,
            500.0,
            500.0,
            500.0,
            500.0,
            500.0,
            500.0,
            500.0,
            500.0,
            500.0,
            500.0,
            500.0,
            500.0,
            500.0,
            500.0,
            500.0
          ],
          "episodes": 20,
          "failure_count": 0,
          "failure_rate": 0.0,
          "mean_return": 500.0,
          "return_standard_deviation": 0.0,
          "selector_seed": 302000
        },
        "iteration": 13,
        "new_labels": 500,
        "training_failures": 0,
        "training_segments": 1
      },
      {
        "cumulative_labels": 7000,
        "evaluation": {
          "environment_seed": 40000,
          "episode_failures": [
            0,
            0,
            0,
            0,
            0,
            0,
            0,
            0,
            0,
            0,
            0,
            0,
            0,
            0,
            0,
            0,
            0,
            0,
            0,
            0
          ],
          "episode_lengths": [
            500,
            500,
            500,
            500,
            500,
            500,
            500,
            500,
            500,
            500,
            500,
            500,
            500,
            500,
            500,
            500,
            500,
            500,
            500,
            500
          ],
          "episode_returns": [
            500.0,
            500.0,
            500.0,
            500.0,
            500.0,
            500.0,
            500.0,
            500.0,
            500.0,
            500.0,
            500.0,
            500.0,
            500.0,
            500.0,
            500.0,
            500.0,
            500.0,
            500.0,
            500.0,
            500.0
          ],
          "episodes": 20,
          "failure_count": 0,
          "failure_rate": 0.0,
          "mean_return": 500.0,
          "return_standard_deviation": 0.0,
          "selector_seed": 302000
        },
        "iteration": 14,
        "new_labels": 500,
        "training_failures": 0,
        "training_segments": 1
      },
      {
        "cumulative_labels": 7500,
        "evaluation": {
          "environment_seed": 40000,
          "episode_failures": [
            0,
            0,
            0,
            0,
            0,
            0,
            0,
            0,
            0,
            0,
            0,
            0,
            0,
            0,
            0,
            0,
            0,
            0,
            0,
            0
          ],
          "episode_lengths": [
            500,
            500,
            500,
            500,
            500,
            500,
            500,
            500,
            500,
            500,
            500,
            500,
            500,
            500,
            500,
            500,
            500,
            500,
            500,
            500
          ],
          "episode_returns": [
            500.0,
            500.0,
            500.0,
            500.0,
            500.0,
            500.0,
            500.0,
            500.0,
            500.0,
            500.0,
            500.0,
            500.0,
            500.0,
            500.0,
            500.0,
            500.0,
            500.0,
            500.0,
            500.0,
            500.0
          ],
          "episodes": 20,
          "failure_count": 0,
          "failure_rate": 0.0,
          "mean_return": 500.0,
          "return_standard_deviation": 0.0,
          "selector_seed": 302000
        },
        "iteration": 15,
        "new_labels": 500,
        "training_failures": 0,
        "training_segments": 1
      },
      {
        "cumulative_labels": 8000,
        "evaluation": {
          "environment_seed": 40000,
          "episode_failures": [
            0,
            0,
            0,
            0,
            0,
            0,
            0,
            0,
            0,
            0,
            0,
            0,
            0,
            0,
            0,
            0,
            0,
            0,
            0,
            0
          ],
          "episode_lengths": [
            500,
            500,
            500,
            500,
            500,
            500,
            500,
            500,
            500,
            500,
            500,
            500,
            500,
            500,
            500,
            500,
            500,
            500,
            500,
            500
          ],
          "episode_returns": [
            500.0,
            500.0,
            500.0,
            500.0,
            500.0,
            500.0,
            500.0,
            500.0,
            500.0,
            500.0,
            500.0,
            500.0,
            500.0,
            500.0,
            500.0,
            500.0,
            500.0,
            500.0,
            500.0,
            500.0
          ],
          "episodes": 20,
          "failure_count": 0,
          "failure_rate": 0.0,
          "mean_return": 500.0,
          "return_standard_deviation": 0.0,
          "selector_seed": 302000
        },
        "iteration": 16,
        "new_labels": 500,
        "training_failures": 0,
        "training_segments": 1
      },
      {
        "cumulative_labels": 8500,
        "evaluation": {
          "environment_seed": 40000,
          "episode_failures": [
            0,
            0,
            0,
            0,
            0,
            0,
            0,
            0,
            0,
            0,
            0,
            0,
            0,
            0,
            0,
            0,
            0,
            0,
            0,
            0
          ],
          "episode_lengths": [
            500,
            500,
            500,
            500,
            500,
            500,
            500,
            500,
            500,
            500,
            500,
            500,
            500,
            500,
            500,
            500,
            500,
            500,
            500,
            500
          ],
          "episode_returns": [
            500.0,
            500.0,
            500.0,
            500.0,
            500.0,
            500.0,
            500.0,
            500.0,
            500.0,
            500.0,
            500.0,
            500.0,
            500.0,
            500.0,
            500.0,
            500.0,
            500.0,
            500.0,
            500.0,
            500.0
          ],
          "episodes": 20,
          "failure_count": 0,
          "failure_rate": 0.0,
          "mean_return": 500.0,
          "return_standard_deviation": 0.0,
          "selector_seed": 302000
        },
        "iteration": 17,
        "new_labels": 500,
        "training_failures": 0,
        "training_segments": 1
      },
      {
        "cumulative_labels": 9000,
        "evaluation": {
          "environment_seed": 40000,
          "episode_failures": [
            0,
            0,
            0,
            0,
            0,
            0,
            0,
            0,
            0,
            0,
            0,
            0,
            0,
            0,
            0,
            0,
            0,
            0,
            0,
            0
          ],
          "episode_lengths": [
            500,
            500,
            500,
            500,
            500,
            500,
            500,
            500,
            500,
            500,
            500,
            500,
            500,
            500,
            500,
            500,
            500,
            500,
            500,
            500
          ],
          "episode_returns": [
            500.0,
            500.0,
            500.0,
            500.0,
            500.0,
            500.0,
            500.0,
            500.0,
            500.0,
            500.0,
            500.0,
            500.0,
            500.0,
            500.0,
            500.0,
            500.0,
            500.0,
            500.0,
            500.0,
            500.0
          ],
          "episodes": 20,
          "failure_count": 0,
          "failure_rate": 0.0,
          "mean_return": 500.0,
          "return_standard_deviation": 0.0,
          "selector_seed": 302000
        },
        "iteration": 18,
        "new_labels": 500,
        "training_failures": 0,
        "training_segments": 1
      },
      {
        "cumulative_labels": 9500,
        "evaluation": {
          "environment_seed": 40000,
          "episode_failures": [
            0,
            0,
            0,
            0,
            0,
            0,
            0,
            0,
            0,
            0,
            0,
            0,
            0,
            0,
            0,
            0,
            0,
            0,
            0,
            0
          ],
          "episode_lengths": [
            500,
            500,
            500,
            500,
            500,
            500,
            500,
            500,
            500,
            500,
            500,
            500,
            500,
            500,
            500,
            500,
            500,
            500,
            500,
            500
          ],
          "episode_returns": [
            500.0,
            500.0,
            500.0,
            500.0,
            500.0,
            500.0,
            500.0,
            500.0,
            500.0,
            500.0,
            500.0,
            500.0,
            500.0,
            500.0,
            500.0,
            500.0,
            500.0,
            500.0,
            500.0,
            500.0
          ],
          "episodes": 20,
          "failure_count": 0,
          "failure_rate": 0.0,
          "mean_return": 500.0,
          "return_standard_deviation": 0.0,
          "selector_seed": 302000
        },
        "iteration": 19,
        "new_labels": 500,
        "training_failures": 0,
        "training_segments": 1
      },
      {
        "cumulative_labels": 10000,
        "evaluation": {
          "environment_seed": 40000,
          "episode_failures": [
            0,
            0,
            0,
            0,
            0,
            0,
            0,
            0,
            0,
            0,
            0,
            0,
            0,
            0,
            0,
            0,
            0,
            0,
            0,
            0
          ],
          "episode_lengths": [
            500,
            500,
            500,
            500,
            500,
            500,
            500,
            500,
            500,
            500,
            500,
            500,
            500,
            500,
            500,
            500,
            500,
            500,
            500,
            500
          ],
          "episode_returns": [
            500.0,
            500.0,
            500.0,
            500.0,
            500.0,
            500.0,
            500.0,
            500.0,
            500.0,
            500.0,
            500.0,
            500.0,
            500.0,
            500.0,
            500.0,
            500.0,
            500.0,
            500.0,
            500.0,
            500.0
          ],
          "episodes": 20,
          "failure_count": 0,
          "failure_rate": 0.0,
          "mean_return": 500.0,
          "return_standard_deviation": 0.0,
          "selector_seed": 302000
        },
        "iteration": 20,
        "new_labels": 500,
        "training_failures": 0,
        "training_segments": 1
      }
    ]
  },
  "protocol": {
    "bc_epochs_per_iteration": 4,
    "dagger_beta": "1 at iteration 1; 0 thereafter",
    "evaluation_episodes_per_checkpoint": 20,
    "evaluation_seed": 40000,
    "failure_definition": "CartPole terminated before the 500-step TimeLimit",
    "iterations": 20,
    "labels_per_iteration": 500,
    "learner": "imitation FeedForward32Policy [32,32]",
    "smile_alpha": 0.1,
    "supervised_collection": "rule expert only"
  },
  "seed": 2,
  "source_paper": "Ross, Gordon, and Bagnell (2011), Super Tux Kart protocol adaptation",
  "versions": {
    "gymnasium": "0.29.1",
    "imitation": "1.0.1",
    "numpy": "1.26.4",
    "stable_baselines3": "2.2.1",
    "torch": "2.2.2+cpu"
  }
}
Persistent run artifacts: /home/rakibul/Desktop/rl project/Final Project/original_paper_cartpole_comparison/outputs/paper_style_cartpole_v1/runs/seed_2
